Date,date_time,MP1,MP2,FF1,FF2,FF3,FF4,FF5,FF6,ED1,ED2,ED3,ED4,ED5,ED6,ED7,ED8,OIS1Y,OIS2Y,UST3M,UST6M,UST2Y,UST5Y,UST10Y,UST30Y,TIPS5Y,TIPS10Y,TIPS30Y,SP500,SPFUT,DXY,EURUSD,USDJPY
2001-02-01,2001-02-01 14:00:00,0,-0.08454545454545764,0.0,-0.0300000000000011,0.0050000000000096,-0.0150000000000005,-0.0249999999999914,0.0100000000000051,0.005,0.005,0.015,0.02,0.02,0.015,0.02,0.015,,,0.0103999999999997,0.0106000000000001,0.0331000000000001,0.0216000000000002,0.0241999999999995,0.0137,,,,0.0869775840049283,0.1278305332359386,0.009122422915518,0.015921876658527,0.0606218065298409
2001-03-22,2001-03-22 14:00:00,0,-0.05812500000000213,-0.0049999999999954,-0.0150000000000005,-0.0300000000000011,-0.0100000000000051,-0.0099999999999909,0.0,-0.02,-0.02,-0.02,-0.025,-0.025,-0.025,-0.02,-0.015,,,-0.0156,-0.0065999999999997,0.0167999999999999,-0.0182000000000002,-0.0137,-0.0082000000000004,,,,-0.7475241672198855,-0.8115419296663661,-0.0772333304728425,0.1016260162601514,-0.0806972240155007
2001-05-17,2001-05-17 14:00:00,0,0.0,0.0049999999999954,0.0,0.0,0.0,0.0,0.0050000000000096,0.00375,0.0025,0.005,-0.0025,-0.005,-0.01,-0.005,-0.005,,,0.0,-0.00265,-0.0126999999999997,-0.0091000000000001,-0.0148999999999999,-0.0151999999999992,,,,-0.0824309785679322,-0.0579262405869859,-0.0258264462809927,0.0566572237960403,0.0
2001-06-28,2001-06-28 14:00:00,0,0.03100000000001581,0.0,0.0049999999999954,0.0100000000000051,0.0250000000000056,0.0049999999999954,0.0,0.04,0.07,0.075,0.0975,0.0925,0.09,0.0775,0.065,,,0.0,0.0,0.0497000000000005,0.0549999999999997,0.0371500000000004,0.0175,,,,-0.0442522785863504,0.0,0.0750437755357201,-0.1064333017975416,0.0160320641282533
2001-08-23,2001-08-23 14:00:00,0,0.0,0.001,-0.0005,0.0,0.0100000000000051,0.003,0.0,-0.005,-0.005,-0.0075,-0.005,-0.005,-0.0075,-0.0125,-0.015,,,-0.0051999999999998,0.0104999999999999,0.0,-0.0110999999999998,-0.0118999999999998,-0.0110000000000001,,,,-0.3184399442837174,-0.3422459893048128,-0.0088417329796559,0.0218483722962615,0.0250563768479087
2001-10-04,2001-10-04 14:00:00,0,0.00624999999999425,0.0,0.0049999999999954,0.0049999999999954,0.0049999999999954,0.0,-0.0150000000000005,-0.005,-0.005,0.0,-0.0025,-0.005,-0.0075,-0.01,0.0,,,0.0,0.0,0.0283999999999999,-0.0036,-0.0087000000000001,0.0,,,,-0.2790939183488016,-0.2774566473988439,0.0044181320137931,0.0218483722962615,0.0331510028178404
2001-11-08,2001-11-08 14:00:00,0,-0.01549999999998589,-0.0050000000000096,-0.0099999999999909,-0.0099999999999909,-0.0050000000000096,-0.0100000000000051,0.0050000000000096,0.005,0.01,0.01,0.015,0.015,0.015,0.02,0.02,,,0.0050999999999998,0.0103999999999999,-0.004,0.0146999999999999,0.0004999999999997,-0.0052000000000003,,,,-0.3884241644903408,-0.4197039982328253,0.0086850790342236,-0.0111994624258023,-0.016662501041403
2001-12-31,2001-12-31 14:00:00,0,0.0,0.0,0.0,0.0,0.0,0.0,0.0,0.0,0.0,0.01,0.0,,,,,,,0.0,,0.0,0.0,0.0,-0.0064999999999999,,,,-0.0431428719346989,-0.0215563699073076,-0.0085726532361809,0.0112170499158708,-0.0075976295395767
2002-01-31,2002-01-31 14:00:00,0,0.0387500000000013,0.0049999999999954,0.0,0.0150000000000005,0.019999999999996,0.02,0.0550000000000068,0.0125,0.025,0.035,0.0425,0.045,0.04,0.04,0.03,,,0.0101999999999999,0.0414000000000001,0.0223499999999998,0.0140000000000002,0.0015999999999998,-0.0094000000000002,,,,0.1594241083190674,0.1562848850189774,-0.0249708673214592,0.0349040139616017,0.022326412145569
2002-03-21,2002-03-21 14:00:00,0,-0.006458333333327392,0.0,0.0,-0.0049999999999954,-0.0099999999999909,-0.0200000000000102,-0.0100000000000051,-0.0075,-0.025,-0.04,-0.04,-0.0325,-0.035,-0.035,-0.0275,,,-0.0052,-0.0103999999999997,-0.0297,-0.0362,-0.0316,-0.0196000000000005,,,,-0.2654682092011408,-0.261039808570807,-0.0170299727520402,0.0226551880380582,0.0151607034566481
2002-05-09,2002-05-09 14:00:00,0,-0.0049999999999954,0.0099999999999909,0.0,-0.0049999999999954,-0.0049999999999954,-0.0100000000000051,0.0050000000000096,-0.005,-0.015,-0.02,-0.0175,-0.0175,-0.02,-0.02,-0.02,,,-0.0051000000000001,0.0,-0.0072499999999999,-0.0231000000000003,-0.0171999999999998,-0.0057,,,,-0.2079982250818126,-0.1386321626617375,-0.0611086861632415,0.0880475456746668,-0.0233808744447051
2002-06-27,2002-06-27 14:00:00,0,0.0,0.0,0.0,0.0,0.0,0.0049999999999954,0.0200000000000102,0.005,0.005,0.015,0.0225,0.025,0.0275,0.025,0.02,,,0.0051000000000001,0.0156,0.0167000000000001,0.0131999999999994,0.0121999999999999,0.0119499999999996,,,,0.6646643163781684,0.6900076667518528,0.1408715251690378,-0.1823338735818388,0.1088139281828036
2002-08-15,2002-08-15 14:00:00,0,0.0,-0.0049999999999954,0.0049999999999954,0.0,0.0049999999999954,0.0,0.0,0.015,0.02,0.035,0.05,0.06,0.0375,0.045,0.04,,,0.0101999999999999,0.0155,0.0388999999999999,0.0315000000000003,0.0209000000000001,0.0137999999999998,,,,0.6045176317642642,0.6502302898943376,0.06564756635094,-0.1015537727226567,0.0
2002-09-26,2002-09-26 14:00:00,0,0.006250000000012,0.0049999999999954,0.0,0.0050000000000096,0.0,-0.0049999999999954,-0.0099999999999909,-0.005,-0.0025,-0.015,-0.0225,-0.0225,-0.015,-0.025,-0.02,,,0.0,0.0052,-0.014,-0.0246999999999997,-0.0213,-0.0240999999999997,,,,-0.1076222577020836,0.0295683027794204,-0.0185856333054511,0.0306623058053931,-0.0489196901752974
2002-11-07,2002-11-07 14:00:00,0,0.0,0.0049999999999954,0.0,0.0,-0.0049999999999954,-0.0049999999999954,-0.0049999999999954,0.0075,-0.005,0.005,-0.0075,-0.0175,-0.01,-0.02,-0.02,,,0.0101999999999999,0.0,0.0,-0.0110000000000001,-0.0174999999999996,-0.0108999999999994,,,,-0.0745325154999977,0.0,-0.0285469597487878,0.0297530496875897,-0.008235875473567
2002-12-12,2002-12-12 14:00:00,0,-0.0049999999999954,0.0049999999999954,0.0,-0.0049999999999954,0.0049999999999954,0.0,0.0099999999999909,0.0025,0.015,0.0125,0.015,0.015,0.0175,0.015,0.025,,,-0.0050999999999998,-0.0051999999999998,0.0222999999999999,0.0111999999999996,0.0071999999999996,-0.0009999999999994,,,,-0.0105534448665726,0.0,0.0191405876160496,-0.0196251594544184,0.0570729718711725
2003-01-30,2003-01-30 14:00:00,0,-0.01192307692309981,0.0,0.0,-0.0050000000000096,0.0,-0.0049999999999954,-0.0100000000000051,-0.005,-0.005,-0.005,-0.0075,-0.01,-0.005,-0.005,-0.01,,,0.0,-0.0051999999999998,0.0,-0.0035000000000002,0.0008999999999996,0.0018499999999992,,,,-0.1677450275581185,-0.2633889376646181,-0.010032102728737,0.0092712775820497,-0.0083745079976475
2003-03-20,2003-03-20 14:00:00,0,0.006199999999994295,0.0,0.0050000000000096,0.0049999999999954,0.0099999999999909,0.0099999999999909,0.0050000000000096,0.005,0.0,-0.005,0.0,0.0,0.0,0.0225,0.025,,,0.0,0.0051999999999998,-0.0040999999999999,-0.0138000000000002,-0.0194,-0.0177500000000003,,,,-0.2360556522530568,-0.2558999147000284,0.0197569890348671,-0.0377073906485629,0.0166140554909538
2003-05-08,2003-05-08 14:00:00,0,0.0,0.0049999999999954,0.0,0.0,0.0,0.0,-0.0049999999999954,0.0,-0.0025,-0.0025,-0.005,0.0,-0.0125,-0.01,-0.005,,,0.0051000000000001,0.0,0.008,0.0024999999999999,-0.0042999999999997,-0.0033000000000003,,,,0.0293048244423923,0.0815217391304347,0.0315855969677838,-0.01740189680675,0.0
2003-06-26,2003-06-26 14:00:00,0,0.0,-0.0049999999999954,0.0,0.0,0.0100000000000051,0.0049999999999954,0.0074999999999931,0.01,0.025,0.035,0.055,0.045,0.0575,0.04,0.0625,,,0.0050999999999999,0.00765,0.0239,0.0335,0.0167999999999999,0.0207999999999994,,,,0.1545610770466613,0.1527106133876304,0.1053962900505992,-0.1223348479552663,0.0754527162977895
2003-08-14,2003-08-14 14:00:00,0,0.0,0.0,0.0,0.0,0.0,0.0049999999999954,0.0,0.0,-0.0025,-0.005,0.0075,0.0,-0.015,-0.015,-0.02,,,0.0,0.0,-0.0061499999999998,0.0073500000000001,0.0075000000000002,0.0068999999999999,,,,0.0,-0.0506072874493927,0.0,0.0177793581651682,-0.008392077878475
2003-09-18,2003-09-18 14:00:00,0,0.0,0.0,0.0,0.0,-0.0049999999999954,0.0,0.0049999999999954,0.0,0.0,0.0,0.0075,0.005,0.005,0.0,0.0,,,-0.0101999999999999,0.0,0.0,-0.0034,-0.0029000000000003,-0.0038999999999997,,,,-0.0442920967493487,-0.0962463907603464,0.0104307916970803,-0.0088888888888879,-0.0086760367864004
2003-10-30,2003-10-30 14:00:00,0,0.0,0.0049999999999954,0.0,0.0,0.0,0.0,-0.0049999999999954,0.0,0.0,-0.005,-0.01,-0.01,-0.0075,-0.0125,-0.01,,,0.0,0.0,-0.0161,-0.0104000000000001,-0.0082500000000003,-0.0061999999999997,,,,0.0529024878467535,0.1192748091603053,0.0217013888888999,-0.0085954959601159,0.0091928663357281
2003-12-10,2003-12-10 14:00:00,0,0.0,0.0,0.0,0.0,-0.0049999999999954,-0.0049999999999954,-0.0150000000000005,0.0,0.005,-0.005,-0.015,-0.0175,-0.015,-0.02,-0.015,0.0114999999999998,,-0.0050999999999999,0.0,-0.0080999999999999,-0.0146999999999999,-0.0121999999999999,-0.0091999999999998,,,,-0.0759527111815445,-0.0943618778013682,-0.011248593925765,0.0081879963972806,-0.0553505535055371
2004-01-29,2004-01-29 14:00:00,0,-0.01033333333332383,0.0,0.0,-0.0049999999999954,0.0,-0.0049999999999954,-0.0049999999999954,-0.005,-0.005,-0.025,-0.03,-0.025,-0.035,-0.03,-0.045,-0.00625,,0.0,0.0,-0.0333500000000002,-0.0201999999999999,-0.0176000000000007,-0.0149500000000006,,,,0.5401481956467781,0.5572893446277307,0.0513992004568837,-0.0322372662798159,-0.0471653617583354
2004-03-18,2004-03-18 14:00:00,0,0.0,0.0,0.0,0.0,0.0,0.0,0.0049999999999954,0.0,-0.005,0.0,-0.005,-0.015,-0.01,-0.01,-0.01,-0.0030000000000001,,0.0,0.0,-0.0060999999999999,-0.0066999999999999,-0.0057,-0.0076,,,,0.012949723813627,0.0223264121455682,-0.1026694045174577,0.1130764881673586,-0.0656537235040399
2004-05-06,2004-05-06 14:00:00,0,0.0049999999999954,0.0050000000000096,0.0,0.0049999999999954,0.0050000000000096,0.0,0.0,0.005,0.015,0.015,0.015,0.015,0.02,0.02,0.02,0.01,,0.0,0.0050999999999998,0.0121999999999999,0.0070999999999998,0.0055999999999993,0.0121000000000002,,,,0.0860461135087827,0.0901916572717023,-0.0333889816360613,0.0165453342157493,-0.1365498406918447
2004-07-01,2004-07-01 14:00:00,0,-0.01476190476189133,0.0,-0.0099999999999909,0.0049999999999954,-0.0249999999999914,-0.019999999999996,-0.0049999999999954,-0.005,-0.01,-0.01,-0.02,-0.01,-0.01,-0.015,-0.02,-0.0075000000000002,,-0.0051000000000001,-0.0052,-0.0161999999999999,-0.0173,-0.0157999999999995,-0.0098000000000002,,,,0.0555797636304014,0.0889877641824249,0.0337913944582125,-0.0328542094455815,0.0277366863905335
2004-08-12,2004-08-12 14:00:00,0,0.0,0.0,0.0,0.0049999999999954,0.0049999999999954,0.0049999999999954,0.0,0.0,0.0,0.0,-0.005,-0.005,-0.005,0.0,0.0,-0.0009999999999998,,-0.0051000000000001,-0.0103000000000001,-0.0031000000000003,-0.0017,-0.0057999999999998,-0.0066999999999994,,,,0.0037569268338464,-0.0469814423302795,0.0225250591282757,-0.0163331972233546,0.0270538371359014
2004-09-23,2004-09-23 14:00:00,0,0.0075000000000144,0.0,0.0049999999999954,0.0050000000000096,0.0100000000000051,0.0150000000000005,0.0150000000000005,0.0225,0.045,0.065,0.07,0.075,0.08,0.0875,0.07,0.0350000000000001,,0.0050000000000001,0.0150000000000001,0.0540000000000002,0.0529999999999999,0.0340000000000002,0.0220000000000002,,,,0.1216632721111855,0.1351351351351351,0.1816324213872137,-0.2190313944998722,0.1539576163738468
2004-11-11,2004-11-11 14:00:00,0,0.0,0.0050000000000096,0.0,0.0,-0.0049999999999954,-0.0049999999999954,0.0,0.0,0.0,0.005,0.005,0.005,0.005,0.01,0.0,0.0049999999999998,,-0.0109999999999996,0.0,-0.0150000000000001,-0.012,-0.0099999999999997,-0.0030000000000001,,,,0.273978457856057,0.299017513882956,0.0118722545411265,-0.0232234091964674,-0.0281214848143992
2004-12-16,2004-12-16 14:00:00,0,0.0,-0.0049999999999954,0.0,0.0,0.0,-0.0049999999999954,0.0,-0.01,-0.01,-0.01,-0.015,-0.015,-0.02,-0.02,-0.02,-0.0060000000000002,,-0.0049999999999998,0.0049999999999998,-0.004,-0.008,-0.0099999999999997,-0.0070000000000005,,,,-0.1120731879425777,-0.1867607387424777,-0.1331074540174243,0.1437760121074546,-0.0857632933104663
2005-01-04,2005-01-04 14:00:00,0,0.01076923076923626,0.0,0.0100000000000051,0.0100000000000051,0.0099999999999909,0.019999999999996,0.0150000000000005,0.02,0.05,0.06,0.06,0.055,0.055,0.055,0.055,0.032,,0.0099999999999997,0.0099999999999997,0.0540000000000002,0.0540000000000002,0.0429999999999992,0.0309999999999996,,,,-0.3634328108812732,-0.4170141784820684,0.0971227388612338,-0.0826632599383858,0.1342925659472427
2005-02-23,2005-02-23 14:00:00,0,-0.01722222222220638,0.0,-0.0049999999999954,-0.0050000000000096,0.0,-0.0049999999999954,-0.0049999999999954,0.0,-0.015,-0.02,-0.02,-0.02,-0.02,-0.025,-0.03,-0.012,,-0.0024999999999999,0.0110000000000001,-0.0169999999999999,-0.0139999999999997,-0.0069999999999996,0.0009999999999994,-0.0094,-0.020599961,-0.001199961,-0.0168262354663238,-0.021030494216614,-0.1208167210341842,0.1134644478063415,-0.0857878181298288
2005-04-12,2005-04-12 14:00:00,0,0.0,0.0,0.0,-0.0049999999999954,-0.0150000000000005,-0.019999999999996,-0.0150000000000005,-0.02,-0.03,-0.045,-0.045,-0.05,-0.06,-0.05,-0.065,-0.0219999999999997,,-0.0110000000000001,-0.0055,-0.0249999999999999,-0.0409999999999994,-0.04,-0.0410000000000003,-0.0426,-0.059899926,-0.043900013,0.6877485195487777,0.7448393275164928,-0.1416597804273289,0.147481176744548,-0.2031581863514757
2005-05-24,2005-05-24 14:00:00,0,0.0049999999999954,0.0,0.0,0.0049999999999954,0.0050000000000096,0.0049999999999954,0.0,-0.0025,0.0,-0.005,-0.005,-0.015,-0.015,-0.0125,-0.015,-0.0010000000000003,,-0.0049999999999998,-0.0059999999999997,-0.004,-0.012,-0.0099999999999997,0.0,-0.01,-0.001700044,0.001199961,0.0344147395811543,0.0419375131054728,-0.1271970397779827,0.1352318829050841,-0.1580072497444016
2005-07-21,2005-07-21 14:00:00,0,0.007045454545448064,0.0,0.0049999999999954,0.0049999999999954,0.0,0.0,0.0049999999999954,0.0,0.005,0.005,0.0,0.005,0.01,0.01,0.005,0.0019999999999997,,0.0049999999999998,0.0100000000000002,0.004,0.0040000000000004,0.0060000000000002,0.0060000000000002,0.0035,0.005199909,0.005800009,-0.0885106659412515,-0.0607656471541421,0.1691474966170404,-0.2294141745186328,0.0453967677501336
2005-08-30,2005-08-30 14:00:00,0,0.0,0.0,0.0,0.0,-0.0049999999999954,-0.0049999999999954,-0.0150000000000005,-0.005,-0.015,-0.025,-0.03,-0.03,-0.03,-0.03,-0.025,0.0025000000000003,,0.0,0.0049999999999998,-0.016,-0.0209999999999999,-0.0170000000000003,-0.0149999999999996,-0.025,-0.013800025,-0.004899979,-0.2612858077499584,-0.2896751500103455,-0.0452181777074294,0.0491642084562566,0.0
2005-10-11,2005-10-11 14:00:00,0,0.0,-0.0050000000000096,0.0,0.0,-0.0050000000000096,-0.0050000000000096,0.0150000000000005,-0.005,-0.015,-0.02,-0.015,-0.015,-0.01,-0.015,-0.015,-0.0129999999999999,,-0.0049999999999998,0.0,-0.0169999999999994,-0.0129999999999999,-0.008,-0.0024999999999995,-0.0074,-0.010599971,-0.006399989,0.1956938926671834,0.2096436058700209,0.0,0.0,0.0087351502445762
2005-11-22,2005-11-22 14:00:00,0,0.0,0.0049999999999954,0.0,-0.0024999999999977,-0.0100000000000051,-0.0174999999999982,-0.0450000000000017,-0.0075,-0.06,-0.09,-0.09,-0.08,-0.075,-0.06,-0.055,-0.048,,-0.02,-0.0259999999999998,-0.0679999999999996,-0.0410000000000003,-0.0199999999999995,-0.0040000000000004,-0.0421,-0.019899845,-0.011299849,0.266290352157025,0.2587579617834395,-0.5000543537340948,0.5195911413969331,-0.4272072373931906
2006-01-03,2006-01-03 14:00:00,0,0.0,0.0,0.0,0.0,0.0,-0.0249999999999914,-0.0100000000000051,-0.015,-0.02,-0.025,-0.025,-0.035,-0.03,-0.035,-0.025,-0.0189999999999992,,-0.0149999999999996,-0.0259999999999998,-0.0289999999999999,-0.0200000000000004,-0.0040000000000004,0.0050000000000007,-0.0197,-0.00180006,0.010299921,0.4626115580981145,0.4768527717067355,-0.1554519209415951,0.2003004506760105,-0.1373980249033891
2006-02-21,2006-02-21 14:00:00,0,0.0050000000000096,0.0049999999999954,0.0,0.0050000000000096,0.0049999999999954,0.0050000000000096,0.0050000000000096,0.0,0.005,-0.005,0.005,0.005,-0.005,-0.005,0.005,0.0,,0.0,0.0,0.0019999999999997,-0.0019999999999997,0.0,-0.0019999999999997,0.0,0.001699924,-0.002000093,-0.1137390545635876,-0.116686114352392,-0.08830022075055,0.0923361034164256,-0.1430133759569291
2006-04-18,2006-04-18 14:00:00,0,-0.007380952380945591,0.0,-0.0049999999999954,0.0,-0.0200000000000102,-0.0224999999999937,-0.0300000000000011,-0.02,-0.03,-0.03,-0.03,-0.025,-0.025,-0.03,-0.025,-0.0164999999999997,,0.0,0.0049999999999998,-0.0170000000000003,-0.0179999999999997,-0.008,-0.0009999999999994,-0.0297,-0.016499996,-0.00999999,0.2618365523827196,0.2682506227246599,-0.214834916327451,0.2197623311085908,-0.271854557811565
2006-05-31,2006-05-31 14:00:00,0,0.0250000000000056,0.0,0.0049999999999954,0.0250000000000056,0.019999999999996,0.0225000000000079,0.019999999999996,0.015,0.03,0.03,0.03,0.025,0.025,0.02,0.02,0.024,,0.016,0.0109999999999992,0.0209999999999999,0.0120000000000004,0.0060000000000002,0.0,-0.0034,-0.011199951,-0.0079,-0.4154796758232552,-0.4334121355397951,-0.0354819633353059,0.0545341227796761,0.0088983804947545
2006-07-20,2006-07-20 14:00:00,0,-0.0202173913043485,0.0,-0.0150000000000005,-0.0150000000000005,-0.0150000000000005,-0.0150000000000005,-0.0100000000000051,-0.02,-0.02,-0.02,-0.025,-0.015,-0.02,-0.02,-0.015,-0.0190000000000001,,-0.016,-0.016,-0.0170000000000003,-0.0090000000000003,-0.0020000000000006,0.0039999999999995,-0.0106,0.0,0.003599882,-0.1345637824366439,-0.1188589540412044,-0.1275066651211306,0.1345895020188453,-0.0769954658225711
2006-08-29,2006-08-29 14:00:00,0,-0.0149999999999862,0.0,-0.0049999999999954,-0.0074999999999931,-0.0099999999999909,-0.0100000000000051,-0.0125000000000028,-0.025,-0.03,-0.035,-0.04,-0.04,-0.04,,,-0.016,,-0.0052000000000003,-0.0106000000000001,-0.043200016,-0.0251999999999998,-0.0199000000000006,-0.0198499999999999,-0.0215,-0.01760006,-0.019599915,0.2489479444453022,0.2693343593689881,-0.2228216254251175,0.2818665831506458,-0.1368223020352288
2006-10-11,2006-10-11 14:00:00,0,0.0,0.0049999999999954,0.0,0.0,0.0099999999999909,0.0249999999999914,0.0300000000000011,0.015,0.05,0.075,0.08,0.07,0.07,0.065,0.065,0.0420000000000007,,0.0155999999999991,0.0213,0.0505999999999993,0.0412999999999996,0.0299000000000004,0.0209999999999999,0.0408,0.023400068,0.016499996,-0.1715747903385765,-0.1654411764705882,0.2185918085595924,-0.2310572862720201,0.1589426133511776
2006-11-15,2006-11-15 14:00:00,0,0.0,0.0,0.0,0.0,0.0,0.0,0.0099999999999909,0.0,0.01,0.01,0.01,0.01,0.005,0.005,0.005,0.0030000000000001,,0.0104000000000006,-0.00265,0.0085000000000006,0.0053,0.0019999999999997,0.0010000000000003,0.0,0.00180006,0.0,0.0250069662263156,0.0178094390026714,-0.0936877854549693,0.0936402653140747,0.0466180708594614
2007-01-03,2007-01-03 14:00:00,0,0.0,0.0,0.0,0.0,-0.0049999999999954,-0.0049999999999954,0.0,0.0,-0.01,-0.02,-0.02,-0.02,-0.02,-0.02,-0.015,-0.0150000000000005,,-0.0052000000000003,0.0053999999999998,-0.0125000000000001,-0.0106000000000001,-0.0119999999999995,-0.0138999999999995,-0.0155,-0.014700174,-0.016600132,-0.494962491123717,-0.5063733193644142,-0.0833333333333252,0.0987992096063122,-0.075238254472499
2007-02-21,2007-02-21 14:00:00,0,-0.01549999999998574,0.0049999999999954,-0.0049999999999954,0.0,0.0,0.0,0.0,0.0,-0.005,-0.015,-0.02,-0.02,-0.02,-0.015,-0.01,-0.0089999999999994,,0.0052000000000003,0.0,-0.0086000000000003,-0.0125000000000001,-0.0118999999999998,-0.0118999999999998,-0.0159,-0.010699987,-0.013100147,0.0834354817111427,0.1028453890983887,-0.0474833808167047,0.0456690516060232,-0.0330633162506251
2007-04-11,2007-04-11 14:00:00,0,0.0,0.0049999999999954,0.0,0.0050000000000096,0.0050000000000096,0.0049999999999954,0.0099999999999909,0.005,0.02,0.04,0.045,0.05,0.05,0.04,0.04,0.0170000000000003,,0.0156,0.0106000000000001,0.0336999999999996,0.0267999999999997,0.0180999999999995,0.0112000000000005,0.0203,0.023200035,0.014600039,-0.2652630120857379,-0.2925989672977624,0.1125199632192851,-0.1265540087843396,0.0753768844221015
2007-05-30,2007-05-30 14:00:00,0,-0.0049999999999954,0.0,0.0,-0.0049999999999954,0.0,-0.0049999999999954,0.0,0.0025,0.0,0.01,0.01,0.0075,0.01,0.005,0.005,0.0035000000000007,,0.0,0.0,0.0041000000000002,0.0035999999999996,0.0,-0.0009999999999994,0.0,0.001799822,0.0007,0.0440928714330889,0.0492853622474125,-0.0133362430590864,0.0149031296572263,0.0082304526749013
2007-07-19,2007-07-19 14:00:00,0,0.0,0.0,0.0,0.0,-0.0049999999999954,-0.0049999999999954,-0.0049999999999954,0.005,-0.005,-0.005,-0.01,-0.01,-0.015,-0.01,-0.01,-0.0040000000000004,,0.0,-0.0106999999999999,-0.0105999999999992,-0.0089999999999994,-0.0083999999999999,-0.0086999999999992,-0.0072,-0.007200003,-0.005399942,-0.2240795353569186,-0.24,0.0174170512932108,-0.0217186708173435,-0.0081926921186343
2007-08-28,2007-08-28 14:00:00,0,0.0,-0.0050000000000096,0.0,0.0,0.0,0.0,0.0,-0.0025,-0.005,-0.015,-0.015,-0.01,-0.015,-0.01,-0.015,-0.0015,,-0.0104000000000006,0.0052000000000003,-0.0191499999999997,-0.0175999999999998,-0.0155000000000002,-0.0078000000000004,-0.0145,-0.010499954,-0.005999804,-0.2558073791120544,-0.2579979360165119,0.0080466457866557,-0.0366810945638577,-0.1914541815333729
2007-10-09,2007-10-09 14:00:00,0,0.0049999999999954,0.0,0.0049999999999954,0.0100000000000051,0.0150000000000005,0.0150000000000005,0.0250000000000056,0.005,0.01,0.015,0.015,0.01,0.01,0.01,0.015,0.0149999999999996,,0.0026000000000001,0.0053,0.0125000000000001,0.0141999999999997,0.0118999999999998,0.0079000000000002,0.011,0.005299807,0.004499912,0.0482550957381099,0.047923322683706,0.0751257401158687,-0.0851426138782524,0.0940412071471312
2007-11-20,2007-11-20 13:00:00,0,-0.03874999999998667,-0.0050000000000096,-0.0249999999999914,-0.0349999999999965,-0.0250000000000056,-0.0300000000000011,-0.0049999999999954,-0.01,-0.01,-0.025,-0.025,-0.03,-0.035,-0.03,-0.03,-0.0150000000000001,,-0.0232000000000001,-0.0315000000000003,-0.0457,-0.0310000000000001,-0.0247999999999999,-0.0144999999999999,-0.0216,-0.023599982,-0.00970006,-0.5559617058311664,-0.5384749001215912,-0.0344983148899984,0.0202908353060512,-0.1363140676117827
2008-01-02,2008-01-02 13:00:00,0,0.0049999999999954,0.0,0.0049999999999954,0.0100000000000051,0.0249999999999914,0.0,-0.0150000000000005,-0.005,0.0,0.005,0.005,0.0,0.0,0.005,0.005,0.0265000000000004,,0.0103999999999997,-0.0077999999999995,0.0040999999999997,0.0068000000000001,0.0038,0.0016999999999995,0.0109,0.003399968,0.002699971,-0.0984636220102596,-0.0859401856308009,-0.047398356856964,0.0407276676622273,-0.1096491228070217
2008-02-20,2008-02-20 13:00:00,0,0.02384615384613215,0.0,0.0099999999999909,0.0150000000000005,0.019999999999996,0.0249999999999914,0.0250000000000056,0.0025,0.025,0.035,0.045,0.05,0.04,0.03,0.03,0.04,,0.0051999999999998,0.0308000000000001,0.0494999999999996,0.0257,0.0078,-0.0089999999999994,0.0185,0.003400087,-0.008999944,0.265696639566607,0.184945441094877,0.0026226756537144,-0.0136156307441078,0.0462064504204892
2008-04-08,2008-04-08 14:00:00,0,-0.0150000000000005,0.0,-0.0150000000000005,-0.0099999999999909,-0.0150000000000005,-0.0200000000000102,-0.0100000000000051,-0.015,-0.035,-0.04,-0.05,-0.045,-0.05,-0.05,-0.05,0.008,,-0.0255999999999998,0.0050999999999998,-0.0323999999999999,-0.0272000000000001,-0.0188999999999999,-0.0074999999999993,-0.0199,-0.017500043,-0.004799962,-0.1952931779293034,-0.2377468910021946,-0.0650177069499737,0.0636699350566733,-0.2145085803432126
2008-05-21,2008-05-21 14:00:00,0,-0.0049999999999954,0.0,-0.0049999999999954,-0.0049999999999954,-0.0049999999999954,-0.0100000000000051,-0.0049999999999954,-0.0125,-0.03,-0.045,-0.055,-0.06,-0.06,-0.055,-0.055,-0.0461999999999998,,-0.0076500000000001,-0.0129000000000001,-0.0457,-0.0547999999999997,-0.0453000000000001,-0.0383999999999993,-0.0482,-0.044099927,-0.036599994,-0.8344622630134176,-0.8512147543890761,-0.0472018991823048,0.0317057704502184,-0.1740644038294097
2008-07-16,2008-07-16 14:00:00,0,0.005961538461532977,0.0,0.0049999999999954,0.0050000000000096,0.0149999999999863,0.019999999999996,0.0250000000000056,0.01,0.035,0.045,0.04,0.04,0.035,0.035,0.03,-0.0249999999999999,,0.0076499999999999,0.0,0.0286000000000004,0.0255999999999998,0.0078,-0.00645,0.0166,0.00849998,-0.006500006,0.3461713690650429,0.3455986989225452,0.0819888550742728,-0.1009973488195963,-0.0095428953144432
2008-08-26,2008-08-26 14:00:00,0,-0.01071428571427586,0.0,-0.0049999999999954,0.0,0.0,0.0,0.0,0.0025,0.005,0.015,0.015,0.015,0.015,0.005,0.0075,-0.0078,,-0.0103000000000001,0.0155,0.0228000000000001,0.0067999999999996,0.0,-0.0037000000000002,0.0034,-0.003399968,-0.001399994,0.0059219019569768,-0.0591949486977111,-0.0336199650869544,0.0410144234055597,-0.0910746812386105
2008-10-07,2008-10-07 14:00:00,0,0.0050000000000096,-0.0150000000000005,0.0050000000000096,0.0049999999999954,0.0049999999999954,0.0049999999999954,-0.0099999999999909,0.0,0.035,0.05,0.055,0.04,0.04,0.035,0.045,-0.0432999999999998,,0.0,0.0253000000000001,0.0439,0.0428000000000001,0.0350000000000001,0.0315999999999996,0.044,0.03579998,0.032700062,0.8179688495505854,0.7083536883243772,-0.1858392920876721,0.2651152514912604,0.1572327044025123
2008-11-19,2008-11-19 14:00:00,0,-0.01550000000001509,-0.0050000000000096,-0.0075000000000073,-0.0050000000000096,0.0,-0.0049999999999954,-0.0100000000000051,-0.0175,-0.05,-0.03,-0.025,-0.02,-0.015,-0.015,-0.015,0.0662,,-0.0153,-0.0304999999999999,-0.0405999999999999,-0.0171999999999998,0.0355500000000001,0.0237999999999996,-0.0234,0.03640008,0.045099974,-0.3005716282067641,-0.3920386007237635,0.0074408594764936,-0.0476758045291961,-0.2696815683020339
2009-01-06,2009-01-06 14:00:00,0,0.0,-0.0024999999999977,0.0,0.0,0.0049999999999954,0.0,0.0,0.01,0.005,0.0,-0.005,0.005,0.0,0.005,0.005,0.0424999999999999,,0.0,-0.0100999999999999,0.0139,0.0115,0.0101999999999997,0.0068000000000001,0.0,0.003800154,-0.004800081,0.3195144664589983,0.4026845637583892,-0.2317978481934935,0.2893604392342923,-0.0745632722624554
2009-02-18,2009-02-18 14:00:00,0,-0.01192307692306595,0.0,-0.0049999999999954,0.0,0.0,-0.0049999999999954,-0.0049999999999954,-0.00375,-0.01,-0.01,-0.015,-0.01,0.0,0.0,0.01,-0.0222999999999999,,-0.0050999999999999,-0.00765,-0.0121999999999999,-0.0140999999999997,-0.0196,-0.0114,-0.0194,-0.013199925,-0.0008,-0.0324764227538727,-0.0319182891796999,0.0869861845471715,-0.0716389397436839,0.2674654969508933
2009-04-08,2009-04-08 14:00:00,0,0.0,0.0,0.0,0.0,0.0,0.0,-0.0050000000000096,0.0,-0.005,-0.01,-0.03,-0.03,-0.04,-0.0375,-0.04,-0.02,,-0.0102,0.0,-0.012,-0.0247999999999999,-0.0221,-0.0074499999999999,-0.0079,-0.00669992,-0.028899908,-0.6280623338239059,-0.6688963210702341,0.103311849164693,-0.1958273706409699,-0.3006614552014403
2009-05-20,2009-05-20 14:00:00,0,0.0,0.0,0.0,0.0,-0.0049999999999954,0.0,-0.0049999999999954,-0.0025,-0.005,-0.025,-0.035,-0.035,-0.03,-0.03,-0.025,-0.015,,-0.0025,-0.0025999999999999,-0.0121999999999999,-0.0317999999999996,-0.0296000000000002,-0.0236999999999998,-0.0389,-0.018599987,-0.024099827,-0.0235170580707296,0.0547945205479452,-0.1269997842236432,0.0942097253424218,-0.0736454497632753
2009-07-15,2009-07-15 14:00:00,0,-0.0081578947368346,0.0024999999999977,-0.0049999999999954,0.0,0.0,0.0,0.0,-0.01,-0.02,-0.02,-0.01,-0.005,0.0,0.005,0.01,-0.0275,,0.0,0.005,-0.004,0.0066999999999999,0.0,-0.0098000000000002,0.0,-0.008599997,-0.013299942,0.032320794660612,0.08110300081103,0.0031500229951829,-0.028324599915023,-0.05294927459495
2009-09-02,2009-09-02 14:00:00,0,-0.0049999999999954,0.0050000000000096,-0.0049999999999954,-0.0049999999999954,-0.0049999999999954,0.0,0.0,0.0,-0.005,-0.01,-0.01,-0.015,-0.02,-0.02,-0.025,0.0052999999999999,,-0.0025999999999999,0.0,-0.004,-0.0181999999999997,-0.0183000000000004,-0.0104999999999995,0.0,-0.01030004,-0.000800133,-0.0560990147610591,-0.050125313283208,0.0185061102070928,-0.0420079815164835,-0.0216849181394451
2009-10-14,2009-10-14 14:00:00,0,0.0,0.0,0.0,0.0,-0.0049999999999954,0.0,0.0049999999999954,0.0,0.0,0.005,0.0,-0.005,0.005,0.005,0.01,-0.0106999999999999,,0.0,0.0025,0.0,0.0134000000000003,0.0316,0.0396,-0.0105,0.037199974,0.032099962,0.0418463915534601,0.0461361014994233,0.003973141563034,0.0067060085836902,0.0671516508114183
2009-11-24,2009-11-24 14:00:00,0,0.0,0.0024999999999977,0.0,0.0,-0.0049999999999954,-0.0050000000000096,0.0,0.0025,0.0,0.005,0.005,0.0,0.0,0.0,-0.005,0.008,,-0.0025999999999999,0.0,0.0,0.0,0.0037000000000002,0.0013499999999995,-0.007,0.014899969,0.00880003,0.1033151474506418,0.1361161524500907,-0.0758866758973106,0.0835170708892879,-0.0225988700564926
2010-01-06,2010-01-06 14:00:00,0,-0.0049999999999954,0.0,-0.0049999999999954,-0.0099999999999909,-0.0099999999999909,-0.0150000000000005,-0.019999999999996,-0.01,-0.045,-0.065,-0.08,-0.08,-0.075,-0.075,-0.07,-0.0085,,-0.0075999999999999,-0.00375,-0.0519,-0.0335999999999998,-0.0058000000000002,-0.0010000000000003,-0.0217,-0.015499949,-0.005399942,0.104744300677762,0.1104240282685512,-0.2468022038212519,0.2431568709184423,-0.2808685319217791
2010-02-17,2010-02-17 14:00:00,0,-0.01033333333332383,-0.0024999999999977,-0.0049999999999954,-0.0049999999999954,-0.0050000000000096,0.0,0.0,0.0,0.0,-0.01,-0.01,-0.01,-0.005,0.0,0.005,-0.0049599999999999,,-0.0024999999999999,-0.0025,0.004,0.0034,0.0057,0.0010000000000003,0.0074,0.0,-0.00150013,-0.0942854800360819,-0.1140510948905109,0.0584504414873735,-0.0661181310608214,0.07689772602438
2010-04-06,2010-04-06 14:00:00,0,0.0,0.0024999999999977,0.0,0.0,0.0,0.0,-0.0049999999999954,-0.005,0.0,-0.005,-0.015,-0.01,-0.005,-0.005,0.005,-0.0015,,-0.0025999999999999,-0.0024999999999999,-0.008,0.0017,0.0078,0.0060999999999999,-0.0038,0.010599971,0.0,0.2286132898841899,0.2112378538234051,-0.1055020548365313,0.0972253384189723,-0.0745712155108207
2010-05-19,2010-05-19 14:00:00,0,-0.0049999999999954,0.0,0.0,-0.0049999999999954,0.0,0.0,0.0,0.0,0.0,-0.005,-0.005,-0.01,-0.01,-0.015,-0.01,0.0075,,0.0,0.0,0.0,-0.0017,-0.0091999999999998,-0.0064000000000001,-0.0128,-0.005100012,0.0,-0.2671547349485047,-0.3360967958772126,-0.1174048326836564,0.1132136503315597,0.0436633555288792
2010-07-14,2010-07-14 14:00:00,0,0.0,0.0,0.0,0.0,0.0050000000000096,-0.0049999999999954,-0.0050000000000096,0.0,-0.005,-0.01,-0.015,-0.015,-0.015,-0.02,-0.02,-0.022,,-0.0026,-0.0025,-0.0201,-0.0247999999999999,-0.02,-0.0175,-0.0165,-0.012300014,0.0,-0.3916299941963683,-0.3441156228492774,0.0846384258453284,-0.10976087808703,-0.124518904233642
2010-08-31,2010-08-31 14:00:00,0,0.0,0.0024999999999977,0.0,0.0,0.0,0.0,0.0049999999999954,-0.0025,0.0,0.0,-0.005,0.0,-0.005,-0.005,-0.005,0.0,,0.0,0.0,-0.004,-0.0047999999999999,-0.0107000000000003,-0.0171999999999998,-0.0034,-0.001630008,-0.006199956,-0.2295671020361569,-0.2141327623126338,-0.0108331929030553,0.0,-0.0594106463878293
2010-10-12,2010-10-12 14:00:00,0,0.0,0.0,0.0,0.0,0.0,0.0,0.0,0.005,0.0,0.005,0.005,0.005,0.0,0.01,0.01,0.001,,0.0127,0.0,-0.004,0.0097,0.0177,0.0156,0.0034,0.012580007,0.0,0.3505998006393228,0.4095710282388445,-0.3332151719248467,0.4401789580025974,-0.1465380388325858
2010-11-23,2010-11-23 14:00:00,0,0.0,0.0,0.0,0.0,-0.0049999999999954,0.0050000000000096,0.0,0.005,0.0,0.0,0.0,0.0,0.0,0.0,0.0,0.001,,0.0,-0.0025999999999999,0.002,0.0140500000000001,0.0108999999999999,0.0064000000000001,0.0,0.004880011,0.012600064,-0.1147507664165402,-0.106022052586938,0.0910620980707459,-0.0971091357286979,0.1444912703190903
2011-01-04,2011-01-04 14:00:00,0,0.0049999999999954,0.0025000000000119,0.0049999999999954,0.0,0.0,0.0049999999999954,0.0049999999999954,0.0,0.005,0.01,0.02,0.03,0.04,0.05,0.04,0.004,,0.005,0.0025,0.0197999999999999,0.0313000000000001,0.0097,0.0135000000000005,0.0215,0.006770015,0.01759994,0.1551685335586616,0.1584786053882725,0.0504000504000582,-0.0225208317693842,0.1953840517767695
2011-02-16,2011-02-16 14:00:00,0,0.0,0.0,0.0,0.0,0.0,0.0,0.0,0.0,-0.005,0.0,0.0,0.005,0.01,0.005,0.005,-0.0165,,-0.0024999999999999,0.0,0.0080999999999999,0.0084999999999997,0.0037499999999996,0.0009999999999994,0.0037,0.010200024,0.02489996,-0.1093833699817596,-0.112549240292628,0.105393597179279,-0.1032067821599755,0.1075654356400184
2011-04-05,2011-04-05 14:00:00,0,0.0,0.0,0.0,0.0,0.0049999999999954,0.0,0.0,0.005,-0.005,0.0,-0.005,0.0,0.0,0.0,-0.01,0.001,,0.0,0.0,0.0039,0.0,-0.0056000000000002,-0.0027999999999996,0.0,-0.008260012,-0.001899958,-0.0785352062110094,-0.0562851782363977,-0.1007984820934592,0.1406766547091511,-0.0472143531633522
2011-05-18,2011-05-18 14:00:00,0,0.01874999999998275,0.0,0.0049999999999954,0.0050000000000096,0.0050000000000096,0.0050000000000096,0.0,-0.0025,-0.005,-0.01,-0.005,0.005,0.005,0.01,0.005,-0.0025,,0.0,0.005,0.004,0.0099,0.0064000000000001,0.0078000000000004,0.0079,0.004970014,0.005200028,0.1027561055809643,0.0373971578160059,-0.0212294505552899,0.0140321335859101,0.0306692019873712
2011-07-12,2011-07-12 14:00:00,0,0.007045454545448064,0.0,0.0049999999999954,0.0,0.0050000000000096,0.0049999999999954,0.0100000000000051,0.005,0.01,0.01,0.01,0.015,0.015,0.015,0.02,0.0079999999999999,,-0.0026,-0.0025,0.004,0.0098,0.0108999999999999,0.0058499999999996,0.0032,0.00492996,0.002500057,0.5290704505057638,0.513210416270671,-0.2607527589748904,0.3070332024277022,-0.1634808853118655
2011-08-30,2011-08-30 14:00:00,0,0.01666666666669867,0.0,0.0050000000000096,-0.0049999999999954,0.0049999999999954,0.0,0.0,0.0,0.0,-0.005,0.0,0.0,-0.005,-0.005,0.0,0.0005,-0.002,0.0,-0.0024999999999999,-0.004,0.0015999999999999,-0.0017999999999998,-0.0066000000000001,0.0032,0.003095001,-0.001600027,0.3123032572318673,0.3318125259228536,-0.1458218003591592,0.1664239650509644,-0.0781962726443402
2011-10-12,2011-10-12 14:00:00,0,0.0,0.0,0.0,0.0,0.0,-0.0049999999999954,0.0,-0.01,-0.01,-0.015,-0.015,-0.02,-0.02,-0.015,-0.01,-0.0134999999999999,-0.009,0.0,-0.0051,-0.0119999999999999,-0.0097,-0.0053999999999998,-0.0054000000000002,-0.0067,-0.002379999,0.0005,0.0571672986600777,0.1032417922775139,0.0455118786003102,-0.0578954986249755,0.0
2011-11-22,2011-11-22 14:00:00,0,-0.008611111111103189,0.0,-0.0049999999999954,0.0,0.0,-0.0050000000000096,0.0,0.0,0.0,0.005,0.0,-0.005,-0.005,0.0,-0.005,-0.0025,0.0289999999999999,0.0026,0.0026,-0.0039,-0.0097,-0.0156,-0.0137999999999998,-0.0051,-0.006294999,-0.006399989,-0.1796587739649903,-0.2727082022236207,0.0243013365735003,-0.0221844265325716,0.0389711613406094
2012-01-03,2012-01-03 14:00:00,0,0.0049999999999954,0.0,0.0049999999999954,0.0,0.0,0.0,0.0050000000000096,0.0,0.005,0.0,0.005,0.005,0.005,0.005,0.005,0.0169999999999999,0.0005,0.0050999999999999,-0.0132,0.0039,0.0111999999999999,0.0225999999999999,0.0295,0.0175,0.020439997,0.022599995,0.0449918232251739,0.0589159465828751,0.0842269350195573,-0.0994492044063538,0.0391287335333261
2012-02-15,2012-02-15 14:00:00,0,-0.008611111111103189,0.0025000000000119,-0.0049999999999954,-0.0049999999999954,0.0,0.0,0.0,0.0,0.0,0.0,0.01,0.01,0.015,0.015,0.01,0.0177499999999999,0.0069999999999999,0.0,0.0,0.008,0.0048,0.0017,-0.0007999999999999,0.0017,-0.003030002,-0.004100025,-0.1718557451041568,-0.1673484566753439,0.1551790213041409,-0.1759216766100634,0.1022102976874898
2012-04-03,2012-04-03 14:00:00,0,-0.0050000000000096,0.0,-0.0050000000000096,-0.0049999999999954,0.0,-0.0050000000000096,-0.0049999999999954,0.0,0.0,0.005,0.015,0.025,0.035,0.045,0.065,0.0105,0.012,0.0025,0.0075999999999999,0.0196999999999999,0.0725,0.0733999999999999,0.0556,0.0693,0.077909991,0.065300047,-0.2923842055892893,-0.3196590303676079,0.5624603677869375,-0.6073329834295732,0.852618757612671
2012-05-16,2012-05-16 14:00:00,0,-0.0150000000000288,0.0,-0.0050000000000096,0.0,0.0,0.0,0.0,0.0,-0.005,-0.005,-0.01,-0.005,-0.01,-0.005,-0.005,0.003,-0.002,-0.0026,0.0025999999999999,0.004,-0.004,-0.0137,-0.0178000000000002,-0.0045,-0.014679998,-0.020500004,-0.0015053326408789,-0.018846588767433,0.0061458282118217,0.0078591637849724,-0.0249034989415963
2012-07-11,2012-07-11 14:00:00,0,-0.005166666666676588,0.0,-0.0050000000000096,0.0050000000000096,0.0,0.0,0.0049999999999954,0.005,0.0,0.0,0.0,0.005,0.005,0.005,0.005,0.0185,-0.003,0.0026,0.0025999999999999,0.0039,0.0031999999999999,0.0083999999999999,0.0028999999999999,0.003,0.003840029,0.005400002,-0.3748123144101698,-0.4299869134417648,0.2303041934555312,-0.2855278185674709,0.0627825213460537
2012-08-22,2012-08-22 14:00:00,0,-0.008823529411756587,0.0,-0.0049999999999954,0.0,-0.0049999999999954,-0.0049999999999954,-0.0049999999999954,-0.005,-0.01,-0.015,-0.02,-0.015,-0.015,-0.02,-0.015,0.012,-0.003,0.0,-0.0050999999999999,-0.0161999999999999,-0.0227,-0.0155,-0.0031000000000003,-0.0143,-0.012619972,-0.004799962,0.045064705110053,0.0533143771103607,-0.2240591955847458,0.2565747273893417,-0.2778128551584782
2012-10-04,2012-10-04 14:00:00,0,0.0,0.0,0.0,0.0,0.0,0.0,-0.0049999999999954,0.0,0.0,0.0,-0.005,-0.005,0.0,0.0,0.0,0.0029999999999999,0.0,0.0026,-0.0026,0.004,0.0048,0.0086999999999999,0.0102999999999999,-0.0111,-0.015899956,-0.006599993,-0.0551045274701247,-0.0515463917525773,0.0826013758488532,-0.0767577525329973,0.1148252105128903
2012-11-14,2012-11-14 14:00:00,0,0.0,0.0,0.0,0.0,0.0,-0.0050000000000096,-0.0050000000000096,0.005,0.005,0.005,0.0,0.0,0.0,0.0,0.0,-0.004,0.001,-0.0026,-0.0026,0.0,-0.0031999999999999,-0.0068000000000001,-0.0106999999999999,-0.0099,-0.012499988,-0.013800025,-0.2251511363553407,-0.2197802197802197,-0.0135730414718234,0.007843137254901,-0.0498815313630029
2013-01-03,2013-01-03 14:00:00,0,0.0,0.0049999999999954,0.0,0.0,0.0,0.0,0.0,0.0,0.0,0.0,0.01,0.01,0.015,0.015,0.015,0.0005,0.006,0.0025,0.00375,0.0039,0.0191999999999999,0.0282,0.0201999999999999,0.0203,0.024399996,0.020599961,-0.2576791808873782,-0.273972602739726,0.2920145258507842,-0.3279688810922104,0.2641552773630458
2013-02-20,2013-02-20 14:00:00,0,0.0,0.0,0.0,0.0,-0.0049999999999954,0.0,0.0049999999999954,0.0,0.0,0.0,0.0,0.0,0.0,0.0,0.005,-0.002,-0.003,-0.0026,0.0,-0.002,0.0089,0.0086999999999997,0.0099,0.0035,0.011099994,0.011699975,-0.0095181517718669,-0.0164365548980933,0.2630080697064105,-0.3148425787106432,0.1280956447480682
2013-04-10,2013-04-10 14:00:00,0,0.0,0.0,0.0,0.0,0.0,0.0,0.0,-0.005,0.0,0.0,0.0,0.0,0.0,0.0025,0.0025,-0.004,0.002,0.0026,-0.0024999999999999,0.0,0.008,0.0121,0.0092999999999996,0.0126,0.015700042,0.017700016,0.0195233161927266,0.0315855969677826,0.0096949719451867,-0.0153115908742901,0.0401203610832417
2013-05-22,2013-05-22 14:00:00,0,0.0,0.0024999999999977,0.0,0.0,0.0,-0.0050000000000096,-0.0049999999999954,-0.0025,0.0,0.0,0.0,0.005,0.0,0.0,0.0,0.0039999999999999,0.0,-0.0025,0.0,0.0,0.0,0.0017999999999998,0.0009000000000001,0.0,-0.003100008,-0.001800001,-0.4029767508800141,-0.3753753753753753,0.0480609484027254,-0.0621890547263613,-0.1161103047895407
2013-07-10,2013-07-10 14:00:00,0,0.0,-0.0025000000000119,0.0,0.0,0.0,0.0,0.0049999999999954,-0.01,-0.01,-0.01,-0.015,-0.02,-0.03,-0.04,-0.04,-0.004,-0.015,-0.0024999999999999,,-0.0119999999999999,-0.0262999999999999,-0.0188999999999999,-0.0052500000000001,-0.0128,-0.002600014,0.003300071,0.3058455873446519,0.3342449103615922,-0.4709865177882083,0.521197977440679,-0.4482518179101532
2013-08-21,2013-08-21 14:00:00,0,0.0124999999999885,0.0,0.0049999999999954,0.0050000000000096,0.0099999999999909,0.0100000000000051,0.0049999999999954,0.0025,0.005,0.005,0.005,0.02,0.025,0.03,0.04,0.005,0.018,0.0,-0.0024999999999999,0.0122,0.0613999999999999,0.0487000000000001,0.0310999999999999,0.0725,0.057200015,0.043799996,-0.2271796660549836,-0.2278250303766707,0.1453434663185106,-0.1420560747663561,0.2253867431615601
2013-10-09,2013-10-09 14:00:00,0,0.0,-0.0024999999999977,0.0,0.0,-0.0049999999999954,-0.0049999999999954,-0.0050000000000096,0.0,-0.005,-0.005,-0.01,-0.005,-0.005,-0.01,0.0,-0.002,0.0,-0.0025,0.005,-0.004,-0.0065999999999999,0.0,0.0008999999999996,-0.0067,-0.0008,0.001100063,0.0180826376540764,0.0302480338777979,0.0771240204005443,-0.0739754401538607,0.1438553226469385
2013-11-20,2013-11-20 14:00:00,0,0.0,-0.0024999999999977,0.0,0.0,-0.0050000000000096,-0.0050000000000096,0.0,-0.0025,-0.005,-0.01,-0.015,-0.025,-0.025,-0.025,-0.025,-0.005,-0.014,-0.0025,-0.0025,-0.0181999999999999,-0.0181,0.0116999999999998,0.0180000000000002,-0.0154,0.005900025,0.012300014,-0.2822351010016323,-0.2934600335382895,0.0567971354488288,-0.0669443617970933,0.0
2014-01-08,2014-01-08 14:00:00,0,0.0,0.0,0.0,0.0,0.0050000000000096,0.0049999999999954,0.0050000000000096,0.005,-0.015,0.005,0.005,0.005,0.01,0.01,0.01,-0.0005,0.009,-0.0025999999999999,0.0049999999999999,0.006,0.0116,0.0036999999999998,-0.0017999999999998,0.0125,0.0008,-0.006799936,0.0239530737509602,-0.0136444262518761,0.0690641803561706,-0.0957854406130162,-0.0381133873273046
2014-02-19,2014-02-19 14:00:00,0,0.0,0.0,0.0,0.0,0.0,0.0049999999999954,0.0049999999999954,0.0,0.0,0.0,0.005,0.01,0.01,0.02,0.025,-0.0055,0.012,0.0051,0.0075999999999999,0.0101499999999999,0.0188999999999999,0.0198,0.0148000000000001,0.0218,0.021899998,0.021900058,-0.0505627140760106,-0.1225156547781105,0.1291965472690806,-0.1381818181818191,0.1075268817204295
2014-04-09,2014-04-09 14:00:00,0,0.0,-0.0024999999999977,0.0,0.0,0.0,-0.0049999999999954,-0.0049999999999954,-0.02,-0.01,-0.02,-0.035,-0.05,-0.065,-0.075,-0.07,-0.015,-0.031,0.0,-0.0051,-0.0437,-0.0642,-0.0253999999999998,0.0050999999999996,-0.0664,-0.028699994,0.003699899,0.4423327202521113,0.4452239611440907,-0.263339394319403,0.2824858757062157,-0.1960207782024922
2014-05-21,2014-05-21 14:00:00,0,0.0,-0.0024999999999977,0.0,-0.0049999999999954,0.0,0.0050000000000096,0.0,0.0,0.0,-0.005,-0.005,0.0,-0.01,-0.01,-0.01,-0.0059999999999999,-0.001,0.0026,-0.0025999999999999,-0.004,-0.0050000000000001,0.0,-0.0009000000000001,0.0,0.001599997,0.0009,-0.029451642260722,-0.0398512221041445,-0.0236937273974201,0.0292740046838375,-0.0197083169097459
2014-07-09,2014-07-09 14:00:00,0,0.0,-0.0024999999999977,0.0,0.0,0.0,0.0,-0.0049999999999954,0.0,0.0,-0.005,-0.005,-0.02,-0.02,-0.025,-0.025,0.0,-0.006,-0.0024999999999999,-0.0026,-0.008,-0.0197999999999998,-0.02,-0.0175999999999998,-0.014,-0.0164999999999999,-0.014,0.0949267490380362,0.0891152132399745,-0.078003120124805,0.0660501981505871,-0.1179245283018912
2014-08-20,2014-08-20 14:00:00,0,-0.00576923076922546,0.0,-0.0024999999999977,0.0,0.0,0.0,0.0049999999999954,0.0025,0.01,0.015,0.025,0.035,0.04,0.045,0.05,0.0085,0.023,-0.0024999999999999,0.0025999999999999,0.0242999999999999,0.0428999999999999,0.0213,0.0107000000000003,0.0409999999999999,0.0229999999999999,0.0109999999999998,-0.1627482793022491,-0.1387662419578655,0.2169329579661892,-0.2106530243755577,0.3191798046232694
2014-10-08,2014-10-08 14:00:00,0,0.0,-0.0025000000000119,0.0,0.0,-0.0050000000000096,0.0,-0.0150000000000005,-0.005,-0.025,-0.045,-0.055,-0.05,-0.055,-0.06,-0.065,-0.0244999999999999,-0.0369999999999999,0.0,0.0,-0.0398,-0.0506999999999999,-0.0294000000000003,-0.0159000000000002,-0.0619999999999999,-0.0399999999999999,-0.028,0.5733033129623608,0.65848934796643,-0.5306074902440453,0.5530536462036735,-0.3864200938448815
2014-11-19,2014-11-19 14:00:00,0,0.01107142857141839,0.0,0.0049999999999954,0.0,0.0,0.0,0.0,-0.0025,-0.005,-0.015,-0.02,-0.03,-0.035,-0.035,-0.04,-0.0115,-0.0224999999999999,0.0025,-0.0024999999999999,-0.0201999999999999,-0.0322999999999997,-0.0248000000000003,-0.0200999999999997,-0.0209999999999999,-0.0139999999999999,-0.01,0.1113433477233202,0.0733317037399168,-0.1991849966326832,0.2151051625238945,-0.1018935212702643
2015-01-07,2015-01-07 14:00:00,0,0.0,0.0,0.0,0.0,0.0,0.0,0.0,-0.01,0.0,-0.005,0.005,0.005,0.01,0.0,0.005,0.0,-0.001,-0.0025,-0.0026,0.0,-0.0031999999999998,-0.0121,-0.0182999999999999,-0.002,-0.01,-0.0169999999999999,-0.0367900326172092,-0.0495356037151702,-0.0135789124920594,0.0,-0.0502975940984175
2015-02-18,2015-02-18 14:00:00,0,-0.01192307692306595,0.0,-0.0049999999999954,-0.0049999999999954,-0.0049999999999954,-0.0100000000000051,-0.0150000000000005,-0.03,-0.025,-0.045,-0.055,-0.065,-0.07,-0.075,-0.08,-0.001,0.0,0.0,0.0,-0.0526999999999999,-0.0746999999999999,-0.0525000000000002,-0.0203999999999999,-0.077,-0.054,-0.0189999999999999,0.1518218623481703,0.1314845804446569,-0.3027768661535707,0.3260486429326786,-0.360466091038651
2015-04-08,2015-04-08 14:00:00,0,-0.0049999999999954,-0.0049999999999954,-0.0049999999999954,0.0,0.0049999999999954,0.0049999999999954,0.0049999999999954,0.0,0.005,0.01,0.01,0.01,0.01,0.015,0.01,0.004,0.007,-0.0025,0.0025,0.0079,0.0049000000000001,0.0,-0.0074999999999998,-0.002,-0.0064999999999999,-0.009,0.177621174174514,0.1808536291294912,0.1825060068503506,-0.2034023668639034,0.1751313485113901
2015-05-20,2015-05-20 14:00:00,0,0.0,0.0074999999999931,0.0,-0.0049999999999954,-0.0099999999999909,-0.0049999999999954,-0.0049999999999954,0.01,0.0,-0.005,-0.005,0.0,0.0,-0.005,0.0,-0.004,-0.004,0.0,-0.0025,0.0,-0.0016,0.0017,0.0056000000000002,-0.002,0.002,0.006,0.2427869685506113,0.2473789610083637,-0.0675159369013799,0.0900414190527543,-0.0742206828302848
2015-07-08,2015-07-08 14:00:00,0,0.0,0.0,0.0,-0.0049999999999954,-0.0049999999999954,-0.0049999999999954,-0.0049999999999954,-0.01,-0.015,-0.025,-0.025,-0.025,-0.03,-0.03,-0.03,-0.016,-0.009,0.0026,-0.0075999999999999,-0.0238,-0.0294,-0.0285000000000001,-0.0221999999999997,-0.0215,-0.02,-0.018,-0.1953072810262854,-0.1950505912471047,-0.1566666320824173,0.1900280517600208,-0.1159036344068222
2015-08-19,2015-08-19 14:00:00,0,-0.01153846153848369,0.0,-0.0050000000000096,-0.0100000000000051,-0.0049999999999954,0.0,0.0049999999999954,-0.0025,0.0,0.01,0.005,0.015,0.015,0.01,0.01,-0.0045,-0.001,-0.0100999999999999,-0.0050999999999999,0.004,0.0066000000000001,0.0123000000000002,0.024,0.003,0.006,0.0149999999999999,0.4723627015882087,0.4807692307692308,-0.1454413705649323,0.1531669519776387,-0.0080671184252911
2015-10-08,2015-10-08 14:00:00,0,0.0,0.0,0.0,-0.0049999999999954,-0.0150000000000005,-0.0150000000000005,-0.0150000000000005,-0.01,-0.02,-0.025,-0.03,-0.035,-0.04,-0.045,-0.045,-0.0239999999999999,-0.0279999999999999,0.0051,-0.0024999999999999,-0.0318,-0.044,-0.0335999999999998,-0.0245999999999999,-0.046,-0.035,-0.024,0.2388004350026862,0.2264435778085293,-0.1806324235200187,0.1948109448330806,-0.0917660799199127
2015-11-18,2015-11-18 14:00:00,0,-0.01033333333335318,0.0,-0.0050000000000096,-0.0049999999999954,-0.0049999999999954,0.0,-0.0050000000000096,-0.005,-0.015,-0.015,-0.015,-0.02,-0.02,-0.02,-0.02,-0.01,-0.014,-0.0077,-0.0050999999999999,-0.0121999999999999,-0.0183000000000002,-0.0123999999999999,-0.0064000000000001,-0.016,-0.0104999999999999,-0.0070000000000001,0.2910866509065243,0.3151133195976245,-0.0626896361493375,0.103364029317786,0.0161917098445678
2016-01-06,2016-01-06 14:00:00,0,-0.0049999999999954,-0.0025000000000119,-0.0049999999999954,-0.0049999999999954,-0.0050000000000096,-0.0050000000000096,-0.0050000000000096,-0.005,0.0,-0.005,-0.01,-0.005,-0.005,-0.005,-0.005,0.005,-0.008,-0.0025999999999999,-0.00385,-0.002,-0.0049000000000001,0.0053,0.0118,-0.004,0.007,0.01,0.1757813480922701,0.2017145738779626,-0.1679826987879108,0.2324068048712416,-0.0252865812542153
2016-02-17,2016-02-17 14:00:00,0,0.0,0.0024999999999977,0.0,0.0,0.0,0.0,0.0049999999999954,0.0,0.01,0.01,0.005,0.005,0.005,0.01,0.01,0.002,0.003,0.0,-0.0025,0.0020499999999999,0.0081999999999999,0.0034,0.0022999999999999,0.0099999999999999,0.007,0.004,0.3201971083498077,0.3254784533263898,0.0516363561256179,-0.0987255429904954,-0.0787677227376189
2016-04-06,2016-04-06 14:00:00,0,0.0,0.0,0.0,0.0,0.0,0.0,0.0,0.005,0.005,0.0,0.0,0.0,0.0,-0.005,-0.005,-0.006,-0.0035,0.0,-0.0012999999999999,-0.0079,-0.0063999999999999,-0.0061000000000002,-0.0042499999999998,-0.009,-0.011,-0.008,-0.1518776050891181,-0.1704199634814364,0.0439721121447786,-0.0350385423966324,-0.0319168338500789
2016-05-18,2016-05-18 14:00:00,0,0.030000000000001,0.0,0.0150000000000005,0.0349999999999965,0.0350000000000108,0.0349999999999965,0.039999999999992,0.0325,0.045,0.045,0.055,0.065,0.065,0.07,0.07,0.0329999999999999,0.019,-0.0050999999999999,0.0165,0.0487,0.0531999999999999,0.0313000000000001,0.0096499999999997,0.072,0.0439999999999999,0.021,-0.7894353546632891,-0.7660505836575876,0.4955752212389318,-0.5314908317831522,0.3191974464204234
2016-07-06,2016-07-06 14:00:00,0,-0.0049999999999954,0.0,-0.0049999999999954,0.0,0.0,0.0,0.0,-0.005,0.0,0.0,0.0,0.0,0.0,0.0,0.0,-0.001,0.003,0.0025,0.0,0.0,0.0016,-0.0033,-0.0053999999999998,0.0,-0.002,-0.003,0.0348774987577885,0.0119860961284909,-0.0676020010192278,0.0766490824653767,0.0197491853461145
2016-08-17,2016-08-17 14:00:00,0,-0.01666666666669867,-0.0025000000000119,-0.0050000000000096,-0.019999999999996,-0.019999999999996,-0.0250000000000056,-0.0249999999999914,-0.0125,-0.015,-0.025,-0.025,-0.025,-0.025,-0.03,-0.025,-0.036,-0.037,-0.005,-0.0075999999999999,-0.0282999999999999,-0.0293000000000001,-0.0195499999999999,-0.0129999999999999,-0.032,-0.018,-0.014,0.0973794814083227,0.1034720625431133,-0.3076501638342498,0.3284218001065184,-0.1793900737492593
2016-10-12,2016-10-12 14:00:00,0,-0.005357142857137928,0.0,-0.0049999999999954,-0.0049999999999954,-0.0050000000000096,0.0,-0.0049999999999954,0.0,-0.005,0.0,-0.005,-0.005,-0.005,-0.005,-0.01,0.005,-0.004,-0.0025,-0.0025,-0.0040999999999999,-0.0081999999999999,-0.0141,-0.0161999999999999,-0.008,-0.0139999999999999,-0.016,0.1471172033720239,0.1522248243559719,-0.077692928921186,0.0816030465137275,-0.095886470419032
2016-11-23,2016-11-23 14:00:00,0,0.00911764705881514,0.0,0.0049999999999954,0.0,0.0,0.0049999999999954,0.0,-0.0025,0.0,0.0,0.0,0.0,-0.005,-0.005,0.0,0.0,-0.003,0.0,0.0025,-0.0059500000000001,-0.0050000000000001,-0.0072,-0.0121999999999999,-0.003,-0.01,-0.01,0.0358872323221294,0.0341102899374644,-0.0098376783079243,0.0094750805382045,-0.0177698800533061
2017-01-04,2017-01-04 14:00:00,0,0.0,0.0025000000000119,0.0,0.0,0.0,-0.0049999999999954,-0.0024999999999977,0.0,0.0,0.0,0.0,-0.005,0.0,-0.005,-0.005,-0.002,-0.0064999999999999,0.0,-0.0025999999999999,-0.008,-0.0164999999999999,-0.0074,-0.0003999999999999,-0.018,-0.0115,-0.002,0.084609079611839,0.0994145587098199,0.0048737693732288,0.0095419847328233,0.0511160333958104
2017-02-22,2017-02-22 14:00:00,0,-0.009687499999991087,-0.0024999999999977,-0.0049999999999954,-0.0049999999999954,0.0,-0.0050000000000096,-0.0049999999999954,-0.0075,-0.01,-0.01,-0.015,-0.015,-0.02,-0.02,-0.02,-0.0054999999999999,-0.0135,-0.0025,-0.0051000000000001,-0.012,-0.0233999999999998,-0.0233000000000003,-0.0203999999999999,-0.033,-0.027,-0.021,-0.0541480356530864,-0.0529268550862707,-0.2265563435776101,0.2087286527514212,-0.378554450215694
2017-04-05,2017-04-05 14:00:00,0,0.0,0.0,0.0,-0.0049999999999954,0.0,0.0,0.0,0.005,0.005,0.0,0.005,0.0,0.0,0.0,0.0,-0.006,-0.002,0.005,0.0025,0.0,0.0065999999999999,0.0107999999999996,0.0115500000000001,-0.003,0.009,0.008,-0.0942435691386068,-0.1158626500947967,0.0,0.0,0.0089823048594315
2017-05-24,2017-05-24 14:00:00,0,0.0,-0.0024999999999977,0.0,-0.0050000000000096,-0.0049999999999954,-0.0049999999999954,-0.0100000000000051,-0.0025,-0.005,-0.01,-0.01,-0.015,-0.015,-0.02,-0.025,-0.0090000000000001,-0.0169999999999999,0.0,-0.0051999999999998,-0.0138999999999998,-0.02905,-0.0227999999999997,-0.0139999999999997,-0.023,-0.0175,-0.008,0.1012453595876787,0.1042318115488847,-0.1109342098505511,0.1072673639045202,-0.1607142857142918
2017-07-05,2017-07-05 14:00:00,0,0.0049999999999954,-0.0024999999999977,0.0049999999999954,0.0049999999999954,0.0049999999999954,0.0100000000000051,0.0100000000000051,0.01,0.005,0.01,0.015,0.02,0.025,0.02,0.025,0.006,0.0,-0.0026000000000001,-0.0025999999999999,0.0099999999999997,0.0158,0.0141999999999997,0.0091999999999998,0.013,0.013,0.0075,0.0131582193639713,0.0205824843058557,0.0674840893281675,-0.0617392838243008,0.1677852348993394
2017-08-16,2017-08-16 14:00:00,0,0.0,-0.0024999999999977,0.0,-0.0049999999999954,0.0,-0.0050000000000096,-0.0049999999999954,-0.005,-0.005,-0.005,-0.01,-0.01,-0.01,-0.015,-0.02,-0.004,,-0.0075999999999998,-0.0025999999999999,-0.0101500000000001,-0.0165999999999999,-0.0139999999999997,-0.0110000000000001,-0.012,-0.011,-0.008,-0.0391008823022798,-0.060802594244021,-0.2649988269669706,0.2981514609421636,-0.2805429864253414
2017-10-11,2017-10-11 14:00:00,0,-0.00517241379309869,-0.0024999999999977,-0.0049999999999954,0.0049999999999954,0.0,0.0,0.0,0.0,0.0,-0.005,-0.005,-0.005,-0.01,-0.01,-0.01,-0.002,-0.0049999999999998,0.0,0.0025999999999999,-0.004,-0.0082999999999999,-0.0052999999999996,-0.0070999999999998,-0.0099999999999999,-0.0065,-0.008,0.0344881642890778,0.0392195313266006,-0.0837763815047558,0.0928818711475218,-0.0977603981514392
2017-11-22,2017-11-22 14:00:00,0,-0.008611111111127645,0.0024999999999977,-0.0050000000000096,0.0,-0.0050000000000096,-0.0049999999999954,-0.0049999999999954,0.0,-0.005,-0.005,-0.01,-0.01,-0.01,-0.015,-0.01,-0.0049999999999998,-0.006,0.0,,-0.0081999999999999,-0.0066999999999999,-0.0097499999999999,-0.0053999999999998,-0.0169999999999999,-0.0124999999999999,-0.007,0.0311889937506476,0.0288933834151979,-0.1348170340252413,0.1356162061366372,-0.1882563872702767
2018-01-03,2018-01-03 14:00:00,0,0.0,0.0,0.0,0.0024999999999977,0.0100000000000051,0.0099999999999909,0.0099999999999909,0.015,0.02,0.025,0.025,0.025,0.025,0.025,0.025,0.014,0.022,-0.0025999999999999,0.0,0.0161,0.0184000000000001,0.0109000000000003,0.0047000000000001,0.0209999999999999,0.014,0.006,0.0406109361559131,0.0369208048735462,0.1542003301190276,-0.149650814765549,0.2314608742099217
2018-02-21,2018-02-21 14:00:00,0,0.0,0.0,0.0,0.0049999999999954,0.0,0.0,-0.0049999999999954,-0.0025,-0.005,-0.005,-0.01,-0.015,-0.015,-0.015,-0.0125,-0.0050000000000001,-0.0099999999999997,0.0024999999999999,0.0026000000000001,-0.02,-0.0128499999999998,-0.0055,0.0032999999999998,-0.014,-0.009,0.0030000000000001,0.342656115150004,0.3474762253108998,-0.2593008891906074,0.2596559558584949,-0.2784739626844864
2018-04-11,2018-04-11 14:00:00,0,0.0,0.0,0.0,0.0,0.0049999999999954,0.0,0.0,0.005,0.005,0.005,0.005,0.005,0.005,0.005,0.0,0.0029999999999996,-0.0010000000000003,0.0025000000000001,-0.0026000000000001,0.0,0.0,0.0017999999999998,0.0007999999999999,-0.002,-0.006,-0.005,0.0567752060223084,0.0565930956423316,0.1843740222589639,-0.1858585858585833,0.1871782873186737
2018-05-23,2018-05-23 14:00:00,0,-0.026470588235295,0.0,-0.0150000000000005,-0.019999999999996,-0.0249999999999914,-0.0250000000000056,-0.0300000000000011,-0.01,-0.015,-0.02,-0.025,-0.025,-0.025,-0.02,-0.025,-0.0270000000000001,-0.0249999999999994,-0.0101999999999999,-0.0102999999999999,-0.0282,-0.024,-0.0128000000000003,-0.0057,-0.03,-0.017,-0.006,0.3057372206075293,0.3129890453834116,-0.0886562473456221,0.0856164383561739,-0.054387237128343
2018-07-05,2018-07-05 14:00:00,0,0.0,0.0,0.0,0.0,0.0,0.0049999999999954,0.0049999999999954,-0.0025,0.005,0.0,0.005,0.005,0.005,0.005,0.005,0.0084999999999997,-0.0015,-0.0025000000000001,0.0,0.0041000000000002,0.0008500000000002,-0.0026999999999999,-0.0006999999999997,-0.001,-0.001,-0.001,-0.1506106778029427,-0.1280878316559927,0.0497786439026425,-0.0427825789338724,-0.0180701120347038
2018-08-22,2018-08-22 14:00:00,0,0.0,-0.0025000000000119,-0.0050000000000096,0.0,0.0050000000000096,0.0,-0.0024999999999977,0.0,-0.005,0.0,-0.005,-0.005,0.0,-0.005,-0.005,0.0,-0.0015,-0.0026000000000001,-0.0051999999999998,-0.0041999999999999,-0.0017,0.0017999999999998,0.0024000000000001,-0.001,0.0025,0.001,-0.026891296300176,-0.0349131535305926,-0.0525519212982546,0.0431331953071036,-0.0180929980097794
2018-10-17,2018-10-17 14:00:00,0,0.0,0.0,0.0,0.0049999999999954,0.0050000000000096,0.0049999999999954,0.0049999999999954,0.0,0.0,0.0,0.0,0.0,0.0,-0.0025,0.0,0.004,0.004,-0.0103000000000004,0.0,0.0,0.0,-0.0019,-0.0021499999999998,-0.002,-0.004,-0.002,-0.2909405002683671,-0.3108072107272889,0.0471209122608631,-0.0520923771488048,0.0533902829685017
2018-11-29,2018-11-29 14:00:00,0,0.0,0.0,0.0,-0.0049999999999954,-0.0049999999999954,0.0,0.0,0.0,0.0,0.005,0.005,0.005,0.005,0.005,0.005,-0.0019999999999997,-0.0029999999999996,-0.0076999999999998,-0.0052000000000003,0.0031000000000003,0.00415,0.0055,0.0049000000000001,0.0,0.0030000000000001,0.0030000000000001,0.2112660638833535,0.191483541533692,0.0578165974932348,-0.052737980135355,0.0440528634361208
2019-01-09,2019-01-09 14:00:00,0,0.0,-0.0024999999999977,0.0,-0.0049999999999954,-0.0100000000000051,-0.0100000000000051,-0.0149999999999863,-0.005,-0.005,-0.01,-0.01,-0.005,-0.015,-0.01,-0.015,-0.0049999999999998,-0.0070000000000001,-0.0077000000000002,-0.0026000000000001,-0.0142999999999999,-0.0083999999999999,-0.0026999999999999,-0.0006999999999997,-0.094,-0.009,-0.006,-0.1961905056153711,-0.1448715472281244,0.0078747598198332,-0.0086662622410944,-0.0461893764434153
2019-02-20,2019-02-20 14:00:00,0,0.0,-0.0025000000000119,0.0,0.0,0.0,0.0,0.0049999999999954,0.0,0.005,0.005,0.015,0.015,0.015,0.02,0.015,0.0049999999999998,0.0104999999999999,0.0024999999999999,0.0026000000000001,0.0134499999999997,0.0118,0.0054000000000002,0.0,0.011,0.0054999999999999,-0.0009999999999998,-0.2352518631588464,-0.260346530209175,0.2336036213752593,-0.27262334007564,0.1355013550135424
2019-04-10,2019-04-10 14:00:00,0,0.005166666666661913,0.0,0.0049999999999954,0.0,0.0050000000000096,0.0049999999999954,0.0100000000000051,0.005,0.005,0.01,0.015,0.015,0.02,0.02,0.02,0.0070000000000001,0.0129999999999999,-0.0026000000000001,-0.0025999999999997,0.0102000000000002,0.0134000000000003,0.0125000000000001,0.0099999999999997,0.008,0.012,0.0079999999999998,-0.0112668829908295,-0.034614053305642,0.0330322580645124,-0.0177352132659375,0.0721565797781169
2019-05-22,2019-05-22 14:00:00,0,0.0,0.0024999999999977,0.0,0.0,0.0,0.0049999999999954,0.0,0.0025,0.0,0.0025,0.0,0.0,-0.005,-0.005,-0.005,0.0,-0.0025000000000003,-0.0026000000000001,-0.0026000000000001,-0.0051499999999999,-0.0066999999999999,-0.0053,-0.0014999999999996,-0.002,0.002,0.003,0.0055999468005003,0.0,0.0295873080650883,-0.0179179358537876,-0.0090661831368911
2019-07-10,2019-07-10 14:00:00,0,0.0,0.0,0.0,0.0,0.0050000000000096,-0.0049999999999954,-0.0050000000000096,0.005,0.005,0.01,0.005,0.005,0.015,0.01,0.01,-0.0015,0.0010000000000001,-0.0051000000000001,-0.0051999999999998,-0.0141999999999999,-0.0049999999999998,-0.0025999999999997,0.0007000000000001,-0.003,0.0,0.002,-0.1328096583988767,-0.14161946017994,-0.0010298873303309,-0.0088841506751944,0.0
2019-08-21,2019-08-21 14:00:00,0,-0.012500000000024,0.0,-0.0050000000000096,-0.0049999999999954,-0.0050000000000096,-0.0050000000000096,-0.0100000000000051,-0.005,-0.01,-0.015,-0.015,-0.015,-0.02,-0.015,-0.02,-0.008,-0.012,0.0,-0.0052,-0.002,-0.0032999999999998,-0.0066999999999999,-0.0046999999999997,-0.003,-0.004,-0.003,0.0341949316272342,0.0512820512820512,-0.049897658883303,0.0540637952784426,-0.0657091898995657
2019-10-09,2019-10-09 14:00:00,0,0.0,-0.0024999999999977,0.0,0.0,0.0,0.0050000000000096,0.0024999999999977,0.0,0.01,0.005,0.005,0.0,0.0,0.0,0.0,0.0,0.0009999999999998,0.0,0.0,0.004,-0.0025000000000001,-0.0059499999999999,-0.0055,-0.0029999999999999,-0.0079999999999999,-0.008,0.0325226631610596,0.0256761383087983,-0.0332865976053836,-0.0182182546912188,0.0372093023255872
2019-11-20,2019-11-20 14:00:00,0,0.007749999999992869,0.0,0.0049999999999954,0.0,0.0,0.0050000000000096,0.0049999999999954,0.005,0.0,0.0,0.0,-0.005,0.0,0.0,0.0,0.0030000000000001,0.0010000000000001,0.0,0.0,0.0,0.0065999999999999,0.0067999999999999,0.0062999999999999,-0.0069999999999999,0.003,0.004,0.1433807501655032,0.0484027105517909,-0.0010211166932205,0.0180684795374449,0.0829416643627215
2020-01-03,2020-01-03 14:00:00,0,0.019999999999996,0.0024999999999977,0.019999999999996,0.0249999999999914,0.0300000000000011,0.0250000000000056,0.019999999999996,0.015,0.01,0.01,0.005,0.005,0.0,0.0,0.0,0.0189999999999999,0.016,-0.0025999999999999,-0.0024999999999999,0.006,0.0,-0.0034,-0.0029000000000003,-0.001,-0.0069999999999999,-0.007,-0.0763838202094726,-0.0694444444444444,0.0237522332262721,-0.03581020590868,0.0277700638711479
2020-02-19,2020-02-19 14:00:00,0,0.0100000000000051,0.0024999999999977,0.0,0.0049999999999954,0.0100000000000051,0.0024999999999977,0.0050000000000096,0.005,0.005,0.005,0.005,0.005,0.005,0.005,0.0075,-0.0105000000000001,0.006,-0.0024999999999999,0.0,0.002,0.0017,0.0,0.0006999999999997,-0.0045,0.002,0.001,0.0215327799703855,0.0221238938053097,0.0125383045202981,0.0185270958777396,0.0897988505747075
2020-04-08,2020-04-08 14:00:00,0,0.0,0.0,0.0,0.0,0.0,0.0,0.0,0.0,0.005,0.01,0.005,0.01,0.01,0.015,,0.0,0.006,0.0051,0.0128,0.0079,0.0118999999999999,0.0110999999999999,0.0092999999999998,-0.012,-0.0095,0.001,0.4759729446957778,0.4712622435778968,-0.0449561677364444,0.0276065151375694,0.0460023921243878
2020-05-20,2020-05-20 14:00:00,0,-0.01500000000000765,-0.0024999999999977,-0.0100000000000051,-0.0100000000000051,-0.0100000000000051,-0.0100000000000051,-0.0100000000000051,-0.005,-0.005,-0.005,-0.005,-0.005,-0.005,-0.005,-0.01,-0.008,-0.0069999999999999,0.0,-0.0025,-0.0080999999999999,-0.0062999999999999,-0.0032999999999999,-0.0025999999999999,-0.006,-0.003,-0.001,-0.1866067548950424,-0.2024291497975708,0.0161400960335624,-0.0091016656048046,0.0093023255814001
2020-07-01,2020-07-01 14:00:00,0,0.0,0.0050000000000096,0.0,0.0,0.0,0.0,0.0050000000000096,0.0,0.0,0.0,0.0,0.005,0.005,0.005,0.01,0.0019999999999999,-0.014,-0.0025,-0.0050999999999999,0.0078,0.0078999999999999,0.0114999999999999,0.008,-0.002,0.0034999999999999,0.002,0.1568082381302347,0.1369090762664089,-0.0102947383592298,0.0177683013503889,0.0093057882002653
2020-08-19,2020-08-19 14:00:00,0,0.0,0.0,0.0,0.0,0.0,0.0,0.0,0.0,0.005,0.005,0.005,0.0,0.005,0.005,0.01,0.01,0.0044999999999999,-0.0049999999999999,-0.0024999999999999,0.002,0.0087,0.0146,0.0277,0.0209999999999999,0.028,0.0354999999999999,-0.3071339851775092,-0.3168287651046271,0.3085154581346696,-0.328227571115975,0.255415760098392
2020-10-07,2020-10-07 14:00:00,0,0.005999999999994479,0.0,0.0049999999999954,0.0049999999999954,0.0050000000000096,0.0,0.0049999999999954,0.0,0.005,0.005,0.005,0.005,0.005,0.0,0.005,0.001,0.002,-0.0025,0.0,0.002,0.0048,0.0024999999999999,0.0074,0.0030000000000001,0.007,0.008,0.0917811247066947,0.1101079057476326,0.0106850164015056,0.0,0.0094357425929334
2020-11-25,2020-11-25 14:00:00,0,0.0,-0.0025,0.0,0.0,0.0,-0.0050000000000096,0.0050000000000096,0.0,0.0,0.0025,0.0,0.0,0.0,0.0,0.0,0.001,-0.001,0.0,,0.002,0.0,-0.0031999999999999,-0.0059,0.0024999999999999,0.0,-0.006,-0.0538963178201055,-0.0620689655172413,0.0402256987856254,-0.0419498280057005,0.0287411381490717
2021-01-06,2021-01-06 14:00:00,0,0.0,0.0,0.0,0.0,0.0,0.0,0.0,0.0,0.0,0.005,0.0,0.0025,0.005,0.005,0.0,-0.0009999999999999,0.0,-0.0025,0.0,0.0,-0.0007999999999999,-0.0017,-0.0048999999999999,-0.002,-0.0035,-0.007,-0.2625928198184813,-0.2849380425419124,0.0558827802800813,-0.0568412505075229,0.0678623364032895
2021-02-17,2021-02-17 14:00:00,0,0.0,0.0,0.0,0.0,0.0,0.0,0.0,0.0,0.0,0.0,-0.0025,-0.005,0.0,0.0,0.0,-0.018,-0.0015,-0.0024999999999999,-0.0025,-0.001,-0.0015999999999999,0.0034,0.0057999999999998,-0.0030000000000001,-0.001,0.002,0.1175807443039686,0.1021320056172603,-0.023086563619974,0.0166140554909435,-0.0094428706326771
2021-04-07,2021-04-07 14:00:00,0,0.0,0.0,0.0,0.0050000000000096,0.0049999999999954,0.0099999999999909,0.0,0.0,0.0,0.005,0.0,0.0,0.0,0.0,0.0,0.021,-0.008,0.0,-0.0025999999999999,0.0029499999999999,0.0031999999999999,0.0035,0.0007999999999999,-0.002,0.0024999999999999,0.0009999999999999,0.1222924248613048,0.1168008852277617,-0.0119110783857193,0.0168307666414186,0.0182215743440197
2021-05-19,2021-05-19 14:00:00,0,0.01071428571430628,0.0,0.0050000000000096,0.0099999999999909,0.0049999999999954,0.0099999999999909,0.0049999999999954,0.0025,0.005,0.005,0.005,0.005,0.015,0.02,0.025,0.005,0.0269999999999999,-0.00125,0.0,0.0100999999999999,0.0315999999999999,0.0239,0.0110000000000001,0.042,0.039,0.02,-0.3005997367009587,-0.1403380316065653,0.2423865064099039,-0.2047502047502185,0.2661771454795705
2021-07-07,2021-07-07 14:00:00,0,0.0049999999999954,0.0,0.0049999999999954,0.0,0.0,0.0,0.0,0.0,-0.005,0.0,0.0,0.0,0.0,-0.005,-0.005,0.0,-0.017,0.0,0.0076,-0.002,-0.004,-0.0007999999999999,0.0025999999999999,-0.0069999999999998,-0.003,0.003,0.0666892407642438,0.0747771067011791,-0.0874078710248336,0.0762388818297247,-0.0903423976872294
2021-08-18,2021-08-18 14:00:00,0,0.0,0.0,0.0,0.0,0.0,0.0,-0.0050000000000096,0.0025,0.005,0.0,-0.0025,-0.005,-0.015,-0.015,-0.02,-0.0165,0.008,-0.0026,-0.0025,-0.004,-0.013,-0.0134,-0.0102000000000002,-0.0139999999999997,-0.0110000000000001,-0.01,-0.2304521004127328,-0.2479431984672602,-0.1179776485982104,0.1281941714383434,-0.1272149023171291
2021-10-13,2021-10-13 14:00:00,0,0.0,0.0,0.0,0.0049999999999954,0.0,0.0,0.0,0.005,0.005,0.005,0.01,0.01,0.015,0.015,0.01,-0.012,0.0135,-0.0076,-0.0025999999999999,0.005,0.0032999999999998,-0.0033999999999998,-0.0064000000000001,0.0029999999999998,-0.003,-0.007,0.0435443246848318,0.0516855223109171,0.0605938194304203,-0.0517598343685243,0.0617283950617223
2021-11-24,2021-11-24 14:00:00,0,0.0,-0.0024999999999977,0.0,0.0,0.0,0.0,0.0,0.0,0.005,0.0,0.0075,0.01,0.01,0.01,0.015,-0.003,0.008,0.0024999999999999,-0.0026,0.0059,0.0015999999999998,0.0,0.0048999999999999,0.002,-0.001,0.004,-0.099901802279627,-0.095928373481134,0.0020640473905232,0.0,0.0
2022-01-05,2022-01-05 14:00:00,0,0.0,0.0,0.0,0.0049999999999954,0.0100000000000051,0.0100000000000051,0.0150000000000005,0.015,0.02,0.025,0.02,0.025,0.02,0.02,0.025,0.0139999999999999,0.022,0.0,0.0075999999999999,0.0159,0.0261,0.0210999999999998,0.0087999999999999,0.0389999999999999,0.024,0.01,-0.4449893673717043,-0.4353755770037767,0.1834919774388293,-0.1939522172264814,0.0689595724506493
2022-02-16,2022-02-16 14:00:00,0,-0.01033333333335318,-0.0024999999999977,-0.0050000000000096,-0.0100000000000051,-0.0100000000000051,-0.019999999999996,-0.0200000000000102,-0.025,-0.035,-0.02,-0.03,-0.03,-0.035,-0.025,-0.005,-0.0169999999999999,-0.0169999999999999,-0.0126999999999999,-0.0344499999999999,-0.0143999999999999,-0.0218,-0.0201000000000002,-0.0059999999999997,-0.0199999999999999,-0.0195,-0.0074999999999999,0.3987743883206375,0.4173481473126163,-0.0949974945715802,0.1054388893770398,-0.1038601350181794
2022-04-06,2022-04-06 14:00:00,0,0.0,-0.0024999999999977,0.0,0.0100000000000051,0.0249999999999914,0.0349999999999965,0.039999999999992,0.03,0.06,0.06,0.045,0.04,0.045,0.04,0.035,0.0424999999999999,0.0409999999999999,0.0012999999999999,0.0153,0.0367000000000001,0.0339,0.028,0.0191999999999996,0.033,0.0269999999999999,0.0189999999999999,-0.5721375272233795,-0.5697050938337802,0.1858325297331927,-0.2016868353501998,0.0726978998384518
2022-05-25,2022-05-25 14:00:00,0,-0.0099999999999908,0.0,-0.0049999999999954,0.0,0.0,0.0,-0.0050000000000096,0.0025,0.0,-0.005,-0.005,0.0,0.0,0.01,0.005,-0.0030000000000001,0.0,0.0012499999999999,0.0,0.004,-0.0034,-0.0054000000000002,-0.008,-0.004,-0.001,-0.001,0.2622162012423907,0.2467729688686408,-0.0762806344984088,0.0656044985942029,-0.070615927814832
2022-07-06,2022-07-06 14:00:00,0,0.0049999999999954,0.0024999999999977,0.0049999999999954,0.0099999999999909,0.0150000000000005,0.019999999999996,0.0250000000000056,0.015,0.035,0.03,0.035,0.03,0.03,0.03,0.045,0.0179999999999997,0.0295,0.0026000000000001,0.0078,0.0316500000000004,0.0252999999999996,0.0184000000000001,0.0125000000000001,0.018,0.01,0.007,-0.0872035340929185,-0.091306332746364,0.0990219249488624,-0.0883392226148312,0.1399734787092955
2022-08-17,2022-08-17 14:00:00,0,-0.033333333333303,-0.0024999999999977,-0.0099999999999909,-0.0249999999999914,-0.0300000000000011,-0.0250000000000056,-0.0300000000000011,-0.025,-0.03,-0.035,-0.035,-0.04,-0.045,-0.045,-0.05,-0.0315500000000001,-0.0335,-0.0282999999999997,-0.0249000000000001,-0.0397000000000002,-0.0430999999999999,-0.0274,-0.0140000000000002,-0.0374999999999999,-0.0199999999999999,-0.0089999999999998,0.3667561726373766,0.36818420898837,-0.2435460301997125,0.2261331235866867,-0.3912305307448152
2022-10-12,2022-10-12 14:00:00,0,0.0,0.0,0.0,-0.0049999999999954,-0.0100000000000051,-0.0049999999999954,-0.0100000000000051,-0.01,-0.01,-0.015,-0.025,-0.035,-0.04,-0.05,-0.045,-0.008,-0.0200000000000004,0.0,-0.0053,-0.0229999999999996,-0.0351000000000008,-0.0366999999999997,-0.0249000000000001,-0.0370000000000001,-0.0395,-0.0229999999999999,0.2170086259883469,0.2153525529697811,-0.2037647972055065,0.1960177447642527,-0.1293308828534461
2022-11-23,2022-11-23 14:00:00,0,-0.01823529411765636,0.0,-0.0100000000000051,-0.019999999999996,-0.0349999999999965,-0.0450000000000017,-0.0300000000000011,-0.0275,-0.03,-0.02,-0.025,-0.03,-0.03,-0.03,-0.03,-0.0229999999999996,-0.0264999999999995,0.005000114,-0.0106000000000001,-0.0289000000000001,-0.0348000000000001,-0.0352000000000001,-0.0250000000000003,-0.0395,-0.034,-0.024,0.2646458105011458,0.2923430988368476,-0.1636507279635758,0.1541574332787403,-0.2574923109935009
2023-01-04,2023-01-04 14:00:00,0,0.0,0.0024999999999977,0.0,0.0,0.0,0.0050000000000096,0.0100000000000051,0.01,0.01,0.02,0.025,0.025,0.03,0.03,0.025,0.0050500000000006,0.0139999999999993,-0.0026000000000001,-0.0053,0.0208000000000003,0.0138999999999995,0.0036999999999998,0.0025999999999997,0.0144999999999999,0.0070000000000001,0.004,-0.2112172949691019,-0.231615518239722,-0.0028776978417267,0.0,0.0377472444511421
2023-02-22,2023-02-22 14:00:00,0,0.0,0.0,0.0,0.0049999999999954,0.0150000000000005,0.0150000000000005,0.019999999999996,0.015,0.025,0.035,0.045,0.055,0.05,0.04,0.035,0.0180000000000006,0.032,0.0,0.0026999999999999,0.0310000000000005,0.0233999999999996,0.0195000000000002,0.0157000000000002,0.026,0.0215,0.022,-0.1998030637300695,-0.2177564860324768,0.1054185114906172,-0.0941087897609533,0.1187384044526876
2023-04-12,2023-04-12 14:00:00,0,0.0,-0.0024999999999977,0.0,-0.0049999999999954,-0.0099999999999909,-0.0150000000000005,-0.019999999999996,-0.015,-0.025,-0.035,-0.04,-0.04,-0.04,-0.04,-0.035,-0.0206499999999998,-0.0279999999999995,-0.0156,-0.016,-0.0292000000000003,-0.0259,-0.0140499999999996,-0.0121999999999999,-0.014,-0.0084999999999999,-0.0049999999999998,0.0963323344212235,0.1024590163934426,-0.0403924968474257,0.0181834712246547,-0.112485939257597
2023-05-24,2023-05-24 14:00:00,0,0.0,0.0024999999999977,0.0,-0.0099999999999909,-0.019999999999996,-0.019999999999996,-0.0249999999999914,-0.0175,-0.025,-0.03,-0.03,-0.025,-0.025,-0.025,-0.025,-0.0246000000000004,-0.0229999999999996,-0.010000229,-0.0106999999999999,-0.0164999999999997,-0.0158999999999998,-0.0114999999999998,-0.0120999999999997,-0.014,-0.0109999999999998,-0.0110000000000001,-0.096937597939767,-0.1090380421613763,-0.0404519055736962,0.0278784499581792,-0.1220738187562742
2023-07-05,2023-07-05 14:00:00,0,0.0050000000000096,0.0,0.0050000000000096,0.0049999999999954,0.0,0.0,0.0,0.0,0.0,0.0,0.0,0.005,0.01,0.005,0.005,-0.0001999999999995,0.0,-0.0026000000000001,-0.0053999999999998,0.0021000000000004,0.0026000000000001,0.0009999999999998,-0.0009000000000001,0.004,0.0050000000000001,0.002,-0.1403968656315417,-0.1393534002229654,0.0551817609758479,-0.0368290212687557,0.0484094052558735
2023-08-16,2023-08-16 14:00:00,0,0.0,-0.0024999999999977,0.0,0.0,-0.0049999999999954,-0.0049999999999954,-0.0050000000000096,-0.0025,-0.005,-0.005,-0.01,-0.01,-0.01,-0.005,-0.015,-0.0045000000000001,-0.0070000000000005,-0.0052000000000003,0.0,-0.0042999999999997,-0.0106999999999999,0.0,0.0019,-0.0090000000000003,-0.0030000000000001,0.0009999999999998,-0.0480698163304249,0.0,0.0029028418822027,0.036727573225595,0.0205352864672469
2023-10-11,2023-10-11 14:00:00,0,-0.005172413793113379,0.0,-0.0050000000000096,0.0,0.0,-0.0049999999999954,-0.0050000000000096,0.0,0.0,-0.005,-0.005,-0.005,-0.01,-0.0075,-0.0025,-0.0032499999999995,-0.0039999999999995,0.0,-0.0027000000000008,-0.0041999999999999,-0.0071000000000003,-0.0082000000000004,-0.0170000000000003,-0.004,-0.0085000000000001,-0.0139999999999997,0.2395952071756628,0.234031622809521,-0.0707560520009838,0.0755500991595178,-0.0133958472873477
2023-11-21,2023-11-21 14:00:00,0,-0.008611111111103189,0.0024999999999977,-0.0049999999999954,-0.0049999999999954,-0.0049999999999954,-0.0049999999999954,-0.0050000000000096,-0.0025,-0.005,-0.005,-0.01,-0.005,-0.01,-0.005,-0.005,-0.0053,-0.0164999999999997,-0.0052000000000003,-0.0026999999999999,-0.0064000000000001,-0.0071000000000003,-0.0077999999999995,-0.0114,-0.0070000000000001,-0.0070000000000001,-0.0104999999999999,-0.0414108774039809,-0.038442528420012,-0.0115809994402521,0.0274951883420371,0.0404421677001711
2024-01-03,2024-01-03 14:00:00,0,0.0,0.0,0.0,0.0049999999999954,0.0050000000000096,0.0100000000000051,0.0150000000000005,0.015,0.015,0.005,0.01,0.01,0.01,0.005,0.0025,0.0103999999999997,0.0124999999999992,0.0,0.0,0.0061999999999997,0.0051999999999998,0.0075000000000002,0.0024999999999995,0.0159999999999997,0.0115,0.008,-0.0948299153947703,-0.0997741952423462,0.0029237201415081,-0.0091675834250081,-0.0069671845607126
2024-02-21,2024-02-21 14:00:00,0,-0.007045454545448064,0.0,-0.0024999999999977,0.0,0.0,-0.0049999999999954,-0.0049999999999954,-0.00125,-0.005,-0.01,-0.015,-0.015,-0.015,-0.015,-0.01,-0.0068999999999999,-0.008,0.0,-0.0026999999999999,-0.0064000000000001,-0.0071000000000003,-0.0059999999999993,-0.0040000000000004,-0.01,-0.0090000000000001,-0.0059999999999997,-0.0463337886131546,-0.0602591141910213,-0.0432471913351865,0.0462406362711705,-0.0465735196274262
2024-04-10,2024-04-10 14:00:00,0,0.005166666666676588,0.0,0.0050000000000096,0.0,0.0,0.0050000000000096,0.0049999999999954,0.005,0.015,0.0075,-0.005,-0.005,-0.005,-0.01,-0.005,0.0011499999999999,0.0049999999999998,-0.0027000000000008,-0.0026999999999999,-0.0022000000000002,-0.0053999999999998,-0.0060999999999999,-0.0039999999999995,-0.0020000000000002,-0.0029999999999996,-0.0030000000000001,0.2147505444072094,0.2070393374741201,-0.0361319767994643,0.037230081906176,-0.0065419337956426
2024-05-22,2024-05-22 14:00:00,0,0.0,0.0,0.0,0.0,0.0049999999999954,0.0049999999999954,0.0049999999999954,0.0025,0.005,0.01,0.01,0.015,0.02,0.01,0.015,0.0060000000000002,0.0094999999999991,0.0039499999999996,0.0053,0.0062999999999995,0.0116000000000004,0.0098000000000002,0.0027999999999996,0.0109999999999996,0.0114999999999998,0.0050000000000003,-0.1737017115835728,-0.2392456724679833,0.0963814031605457,-0.1014947407270807,0.0574969654379374
2024-07-03,2024-07-03 14:00:00,0,0.0,-0.0024999999999977,0.0,-0.0024999999999977,0.0,-0.0049999999999954,-0.0049999999999954,0.0,0.0,-0.005,-0.005,-0.005,0.0,0.0,0.0,-0.0009999999999994,-0.0019999999999997,0.0,,0.0020999999999995,0.0018000000000002,0.0039999999999995,0.0029000000000003,0.0,0.0029999999999996,0.0044999999999997,0.0,0.0044716719581451,0.0246761258482517,-0.0185459940652798,0.0433302383163065
2024-08-21,2024-08-21 14:00:00,0,-0.0124999999999885,0.0,-0.0049999999999954,-0.0049999999999954,-0.0249999999999914,-0.0250000000000056,-0.0225000000000079,-0.01,-0.02,-0.015,-0.01,-0.01,-0.005,0.0,0.0,-0.0159500000000001,-0.0070000000000001,-0.0052000000000003,-0.0132999999999992,-0.0062999999999999,-0.0051999999999998,-0.0055999999999998,-0.0088000000000008,-0.008,-0.012,-0.0130000000000001,0.0586816312246842,0.0532150776053215,-0.1572591413057513,0.1344447432105456,-0.3309888291270295
2024-10-09,2024-10-09 14:00:00,0,-0.006521739130428782,-0.0024999999999977,-0.0049999999999954,0.0,0.0,-0.0050000000000096,-0.0049999999999954,0.0,0.0,0.0,0.0,-0.005,-0.005,-0.005,-0.01,-0.0027999999999996,-0.0095,-0.0026000000000001,0.0,-0.0041999999999999,-0.0035000000000002,-0.0079000000000002,-0.0076,-0.0135,-0.0149999999999999,-0.016,-0.0936421073019221,-0.0128722217454732,0.0038873447491738,0.0,0.0
2024-11-26,2024-11-26 14:00:00,0,-0.01192307692309981,0.0,-0.0050000000000096,-0.0049999999999954,0.0,0.0,0.0050000000000096,-0.01,0.0,0.005,0.01,0.01,0.01,0.01,0.01,0.0064999999999999,0.0069999999999996,-0.0039000000000006,-0.0079000000000002,-0.0040999999999993,-0.0017000000000004,0.0019,0.0027999999999996,-0.002,0.0050000000000003,0.0030000000000001,-0.0943093379551019,-0.1036269430051813,-0.0037344088430714,0.0,0.0
2025-01-08,2025-01-08 14:00:00,0,0.0,0.0,0.0,0.0,0.0,0.0049999999999954,0.0,-0.0050000000000096,-0.0099999999999909,-0.0150000000000005,-0.0150000000000005,-0.0150000000000005,-0.0074999999999931,-0.019999999999996,-0.001250000000013,-0.0020000000000006,-0.0064999999999999,0.0,0.0019989999999996,-0.0069999999999996,-0.0129999999999999,-0.0119999999999995,-0.0064999999999999,,,,0.1122190081735401,0.151285930408472,-0.0596051388799715,0.0678689160364478,-0.031551713258037
2025-02-19,2025-02-19 14:00:00,0,-0.0129166666666549,0.0,-0.0049999999999954,0.0,0.0,-0.0050000000000096,-0.0050000000000096,-0.0100000000000051,-0.0049999999999954,-0.0050000000000096,-0.0099999999999909,-0.0099999999999909,-0.0099999999999909,-0.0100000000000051,0.0,0.0,-0.0069999999999996,-0.0030000000000001,0.0,-0.0140000000000002,-0.0179999999999997,-0.0229999999999996,-0.0249999999999994,-0.0172430000000001,-0.0209730000000001,-0.021195,0.1641060256993543,0.1828970899040806,-0.0913804035656997,0.0767754318617957,-0.1450517571042387
2025-04-09,2025-04-09 14:00:00,0,0.0,0.0025000000000119,0.0,0.0,0.0099999999999909,0.0375000000000085,0.0400000000000062,0.0099999999999909,0.0450000000000017,0.0750000000000028,0.0799999999999983,0.0799999999999983,0.0849999999999937,0.0799999999999983,0.0600000000000022,0.0504999999999999,0.0710999999999999,-0.0035009999999999,0.0144994999999994,0.0769999999999999,0.0600000000000005,0.0380000000000002,0.0329999999999994,0.059376,0.0392735000000001,0.032,0.8826843679718489,0.9058224774711676,0.6299181886439215,-0.6994277409392352,0.8998568409571158
2025-05-28,2025-05-28 14:00:00,0,0.0,0.0,0.0,0.0,0.0,0.0,0.0,0.0,-0.0049999999999954,-0.0049999999999954,-0.0049999999999954,-0.0049999999999954,-0.0050000000000096,-0.0099999999999909,-0.0049999999999954,-0.0029999999999992,-0.0060000000000002,-0.0020000000000006,0.0,-0.0070000000000001,-0.0069999999999996,-0.0060000000000002,-0.0024999999999995,-0.0059359999999999,-0.0101089999999999,-0.0091489999999998,0.0415463360108566,0.0379971291058008,0.0230294777314924,-0.0354138999557287,0.0276052449965438
2025-07-09,2025-07-09 14:00:00,0,0.0049999999999954,0.0024999999999977,0.0049999999999954,0.0,0.0,0.0,-0.0050000000000096,0.0,0.0,-0.0050000000000096,-0.0050000000000096,-0.0049999999999954,-0.0049999999999954,-0.0050000000000096,-0.0099999999999909,-0.0026000000000001,-0.0054000000000002,-0.0030000000000001,-0.0030000000000001,-0.0030000000000001,-0.0079999999999995,-0.0099999999999997,-0.0090000000000003,-0.0089989999999999,-0.0102309999999998,-0.00705,0.0874897641778667,0.0834426034092263,-0.0635376101660151,0.0768705158865648,-0.0341670083367578
2025-08-20,2025-08-20 14:00:00,0,0.0,0.0,0.0,0.0049999999999954,0.0049999999999954,0.0099999999999909,0.0100000000000051,0.0075000000000073,0.0150000000000005,0.0150000000000005,0.0150000000000005,0.0100000000000051,0.0150000000000005,0.0100000000000051,0.0100000000000051,0.0106000000000001,0.0114,0.005001,0.008,0.0110000000000001,0.012,0.0120000000000004,0.0110000000000001,0.0121500000000001,0.012054,0.0119510000000002,-0.289681381771591,-0.3041884408392481,0.0565550341622925,-0.0685694694437416,0.0815771583956523
2025-10-08,2025-10-08 14:00:00,0,0.0,0.0,0.0,0.0,0.0,0.0050000000000096,0.0,0.0,0.0050000000000096,0.0049999999999954,0.0049999999999954,0.0049999999999954,0.0049999999999954,0.0050000000000096,0.0049999999999954,0.0053,0.0062999999999999,0.0,-0.0029989999999999,0.008,0.0100000000000002,0.0049999999999998,0.0065000000000008,0.0086509999999999,0.0070565,0.0070749999999999,0.035322998085735,0.0257371865578351,0.0141426998413954,0.0,0.0392618767177085
2025-11-19,2025-11-19 14:00:00,0,0.0073809523809456,-0.0024999999999977,0.0049999999999954,0.0049999999999954,0.0099999999999909,0.0099999999999909,0.0150000000000005,0.0125000000000028,0.0200000000000102,0.019999999999996,0.0150000000000005,0.0099999999999909,0.0049999999999954,0.0049999999999954,0.0049999999999954,0.0121000000000002,0.0087999999999999,0.0065015000000001,0.0029989999999999,0.0089999999999998,0.0070000000000001,0.0039999999999995,0.0040000000000004,0.0092779999999998,0.0028365000000001,0.0048539999999999,-0.0290358294593645,-0.0300797112347721,0.1029084115137471,-0.1040221914008207,0.1020798775041448
2025-12-31,2025-12-31 14:00:00,0,0.0,,0.0,0.0,0.0,0.0,0.0,0.0,-0.0049999999999954,-0.0050000000000096,-0.0050000000000096,0.0,-0.0049999999999954,-0.0049999999999954,-0.0049999999999954,0.00055,-0.0005999999999999,0.0,0.0,-0.004,0.0020000000000002,0.0029999999999992,0.0030000000000001,0.0062539999999999,0.004,0.0058509999999998,-0.0545355653943895,-0.0577096483318304,-0.0386273074733785,0.0340802590099647,-0.0446144040790268
2026-02-18,2026-02-18 14:00:00,0,-0.0119230769230999,0.0,-0.0050000000000096,0.0,0.0,0.0,0.0,0.0,0.0,0.0,0.0,0.0,-0.0050000000000096,-0.0099999999999909,0.0,0.0003999999999999,-0.0017,0.0029979999999998,0.0,-0.0020000000000002,-0.0070000000000001,-0.008,-0.0034999999999998,-0.0061869999999999,-0.0056159999999998,-0.0025490000000001,-0.1019744577571663,-0.086912435721011,0.0296866522669304,-0.0254452926208623,0.0387646982814331
2026-04-08,2026-04-08 14:00:00,0,0.0,0.0,0.0,0.0,0.0049999999999954,0.0100000000000051,0.0150000000000005,0.0050000000000096,0.0150000000000005,0.019999999999996,0.019999999999996,0.019999999999996,0.0099999999999909,0.0100000000000051,0.0150000000000005,0.0145499999999998,0.01715,-0.0029980000000002,0.0080010000000001,0.0109999999999996,0.0110000000000001,0.0119999999999995,0.0059999999999993,0.013972,0.0054940000000001,0.0081990000000002,-0.0650439599824758,-0.0806303829943192,0.0313299038879316,-0.0428302210039356,0.0189286390308544
2026-05-20,2026-05-20 14:00:00,0,0.0,0.0,0.0,0.0,0.0,0.0,0.0,0.0,0.0,-0.0049999999999954,-0.0049999999999954,-0.0100000000000051,-0.0049999999999954,-0.0100000000000051,-0.0050000000000096,-0.0019999999999997,-0.0049999999999998,-0.0014990000000003,0.0030000000000001,-0.0070000000000005,-0.0070000000000005,-0.0060000000000002,-0.0005000000000006,-0.0090945,-0.0082275000000002,-0.0005605000000006,0.002426088538745,0.0033606667562844,-0.0312644976501116,0.0344145229286721,-0.0314623710042681
2026-07-08,2026-07-08 14:00:00,0,-0.0049999999999954,0.0,-0.0049999999999954,0.0,0.0,0.0,-0.0099999999999909,-0.0049999999999954,-0.0050000000000096,-0.0100000000000051,-0.0150000000000005,-0.0150000000000005,-0.0150000000000005,-0.0100000000000051,-0.0100000000000051,-0.0052999999999991,-0.0087000000000001,0.0005005000000002,-0.0029989999999999,-0.008,-0.0089999999999994,-0.008,-0.0030000000000001,-0.0124999999999999,-0.007133,0.0008759999999998,0.0588099908740747,0.0498587335881668,-0.0445425480317159,0.0525302048677931,-0.0369117194709334
2026-08-19,2026-08-19 14:00:00,0,0.0,0.0,0.0,0.0,-0.0050000000000096,-0.0049999999999954,0.0,-0.0025000000000119,-0.0049999999999954,-0.0150000000000005,-0.0150000000000005,-0.0150000000000005,-0.019999999999996,-0.019999999999996,-0.0150000000000005,-0.0095,-0.0111999999999996,0.0,-0.005001,-0.0134999999999996,-0.0170000000000003,-0.008,-0.0060000000000002,-0.0133200000000002,-0.0108480000000001,-0.005865,-0.0457468991248442,-0.0452430196483971,-0.0576054331019031,0.0514491510890204,-0.0882779494293554
