announcement_date,meeting_year,use_for_surprise,MP1,MP2,SEP,Unscheduled,FF1,FF2,FF3,FF4,FF5,FF6,ED1,ED2,ED3,ED4,ED5,ED6,ED7,ED8,STMT,PC,ME,ret_XLF,ret_XLK,ret_XLU,ret_XLY,ret_XLI,ret_XLE,ret_XLV,ret_XLP,ret_XLB,ret_XLRE,ret_XLC,ret_SPY,VIXCLS,DGS2,DGS10,T10Y2Y,DCOILWTICO,DTWEXBGS,DTB3,BAMLC0A4CBBB,BAMLC0A1CAAA,BBB_minus_AAA_OAS,lagged_VIXCLS,lagged_DGS2,lagged_DGS10,lagged_T10Y2Y,lagged_DCOILWTICO,lagged_DTWEXBGS,lagged_DTB3,lagged_BAMLC0A4CBBB,lagged_BAMLC0A1CAAA,lagged_BBB_minus_AAA_OAS,lagged_date,val_1yr,val_5yr,val_10yr
2023-02-01,2023,True,-0.0077777777777706,0.0017901234567395,0,0,-0.0074999999999931,-0.0050000000000096,0.0,0.0049999999999954,0.0100000000000051,0.0099999999999909,0.0150000000000005,0.0200000000000102,0.019999999999996,0.019999999999996,0.0200000000000102,0.0150000000000005,0.0049999999999954,0.0,0.0139888398773763,-0.0638757993068999,-0.0445567229812366,0.0,0.0235360339904129,0.0017368110051414,0.0189643559478041,0.007265625542099,-0.0196818636742747,0.0047240374869128,0.0080010586445942,0.0066152471864313,0.0073909650832291,0.0118008469119028,0.0106279102662161,17.87,4.09,3.39,-0.7,76.34,118.6259,4.54,,,,19.4,4.21,3.52,-0.69,78.95,118.9802,4.58,,,,2023-01-31,0.0268,0.0231,0.0229
2023-03-22,2023,True,0.0258333333333095,0.0304464285714323,1,0,0.0074999999999931,0.0349999999999965,0.0300000000000011,0.019999999999996,0.0049999999999954,-0.0275000000000034,-0.0100000000000051,-0.0649999999999977,-0.0799999999999983,-0.0949999999999988,-0.0999999999999943,-0.1099999999999994,-0.1050000000000039,-0.0949999999999988,-0.0194084917844277,-0.0304058364936794,-0.0490725479259897,-0.0231538715053067,-0.0099522319598952,-0.019649465051314,-0.0222784650841286,-0.0191528914701363,-0.021271047816592,-0.0151100061093657,-0.0092157449545765,-0.0177696189934157,-0.0365142706611408,-0.0175375376300467,-0.0170462481155162,22.26,3.96,3.48,-0.48,70.71,120.6217,4.63,,,,21.38,4.17,3.59,-0.58,69.4,120.8958,4.62,,,,2023-03-21,0.0207,0.0223,0.0226
2023-05-03,2023,True,0.0138392857142888,0.0160156249999982,0,0,0.0125000000000028,0.0150000000000005,0.0149999999999863,0.019999999999996,0.0150000000000005,0.0150000000000005,0.0150000000000005,0.0099999999999909,0.0100000000000051,0.0050000000000096,0.0,-0.0049999999999954,0.0,0.0,0.0138529006120123,-0.0137850766073102,-0.0010664265369425,-0.0114447205852791,-0.0084274380734303,-0.0027835376396569,-0.007915471653573,-0.0038193124128256,-0.0188796498620354,-0.0013468052030093,-0.0081510819036189,-0.0110371547572104,-0.0062567535727923,-0.0039128130001622,-0.0068639540779019,18.34,3.89,3.38,-0.51,68.62,119.1233,5.09,,,,17.78,3.97,3.44,-0.53,71.71,119.6105,5.08,,,,2023-05-02,0.0265,0.0214,0.021
2023-06-14,2023,True,-0.0187500000000095,0.0150000000000005,1,0,-0.0100000000000051,-0.0150000000000005,0.0150000000000005,0.0349999999999965,0.0600000000000022,0.0949999999999988,0.0024999999999977,0.0799999999999983,0.125,0.1349999999999909,0.1450000000000102,0.1299999999999954,0.1200000000000045,0.1099999999999994,0.0539448014798821,-0.0026975403233513,0.0530580228873546,-0.0038992914920292,0.0103135268662695,-0.0006036927194531,-0.00072443379966,-0.0026839325583941,-0.0102557106863376,-0.0102622223653791,0.0061314997822023,-0.0041872446423912,0.0053518850735312,0.0017143505770866,0.0011909724637617,13.88,4.74,3.83,-0.91,68.22,118.776,5.1,,,,14.61,4.67,3.84,-0.83,69.39,119.1899,5.11,,,,2023-06-13,0.0137,0.0167,0.0175
2023-07-26,2023,True,0.0,0.007499999999993,0,0,0.0024999999999977,0.0,0.0024999999999977,-0.0049999999999954,0.0,0.0,0.0,0.0049999999999954,0.0150000000000005,0.0150000000000005,0.0049999999999954,0.0049999999999954,0.0050000000000096,0.0,0.0121504935033739,-0.0270946785272931,-0.0143942363617009,0.0059372195017191,-0.0134488067536286,0.0,-0.0002329546711919,0.0070218192250042,0.000348499278032,-0.0006626858283478,0.0011859653676302,-0.0033907970371849,0.0036191400789444,0.0156321328339346,0.0001538836016627,13.19,4.82,3.86,-0.96,79.11,117.76,5.28,,,,13.86,4.85,3.91,-0.94,79.76,117.8565,5.28,,,,2023-07-25,0.0247,0.0209,0.0206
2023-09-20,2023,True,0.0,0.0206896551724243,1,0,0.0,0.0,0.0200000000000102,0.0249999999999914,0.0299999999999869,0.0349999999999965,0.0349999999999965,0.0649999999999977,0.0899999999999892,0.1099999999999994,0.0949999999999988,0.0900000000000034,0.0649999999999977,0.0649999999999977,0.0464591879975831,0.0014061573254731,0.0506511498159997,-0.0069105261775923,-0.0157155310051201,0.0009371169735707,-0.0099544101481119,-0.0039328083094617,-0.0093150202806128,7.60358456783905e-05,0.0009807743348151,-0.010505946818621,0.0019449328651017,-0.0136421829360307,-0.0091932896712174,15.14,5.12,4.35,-0.77,89.2,120.9648,5.33,,,,14.11,5.08,4.37,-0.71,91.16,121.1645,5.31,,,,2023-09-19,0.0281,0.0228,0.0222
2023-11-01,2023,True,-0.0025862068965493,-0.0153544061302787,0,0,-0.0024999999999977,-0.0100000000000051,-0.0099999999999909,-0.0150000000000005,-0.0150000000000005,-0.0099999999999909,-0.0150000000000005,-0.0150000000000005,-0.0100000000000051,-0.0150000000000005,-0.0100000000000051,-0.0100000000000051,-0.0100000000000051,-0.0100000000000051,-0.0025766108346064,-0.0376753279483435,-0.031275334483022,0.0064896401231451,0.0193279158679891,0.0113922781607704,0.0123604020932823,0.003253358925918,-0.0023475600476539,0.0020875325312872,-0.0010311409785129,0.0005255821562637,0.0051360779791647,0.0146782702827621,0.0106646155801861,16.87,4.95,4.77,-0.18,81.05,123.7922,5.31,1.63,0.49,1.14,18.14,5.07,4.88,-0.19,81.64,123.8364,5.33,1.62,0.49,1.13,2023-10-31,0.0277,0.0241,0.0236
2023-12-13,2023,True,-0.0043055555555515,-0.0099999999999909,1,0,-0.0024999999999977,0.0,-0.0099999999999909,-0.0250000000000056,-0.0499999999999971,-0.0850000000000079,-0.0075000000000073,-0.0750000000000028,-0.125,-0.164999999999992,-0.1850000000000022,-0.1850000000000022,-0.1749999999999971,-0.1599999999999966,-0.0465271736924824,-0.0406549655603477,-0.0859846189418408,0.0161159566582023,0.0088107365682685,0.0377594142313937,0.0130892020445292,0.011131236800818,0.0139164377139404,0.0184253960806655,0.0181663816175507,0.0121699935858132,0.0362969664182404,0.0093973833624427,0.013790079384885,12.19,4.46,4.04,-0.42,69.09,121.1571,5.24,1.35,0.36,0.99,12.07,4.73,4.2,-0.53,68.27,120.6817,5.26,1.36,0.38,0.98,2023-12-12,0.0309,0.0236,0.0228
2024-01-31,2024,True,0.0012499999999988,0.0329545454545555,0,0,0.0,0.0012499999999988,0.0125000000000028,0.019999999999996,0.0249999999999914,0.0300000000000011,0.0250000000000056,0.019999999999996,0.0150000000000005,0.0150000000000005,0.0049999999999954,0.0099999999999909,0.0150000000000005,0.0,0.0190472848696167,0.0192475577614087,0.0322120660905419,-0.0122323686532337,-0.020998373647549,-0.0021111256347601,-0.0182091577593291,-0.0115576776366634,-0.0187058594704079,-0.0013519404521497,-0.0073509009710489,-0.0130851914901043,-0.0072896412787992,-0.0246787312724036,-0.0163171408305516,14.35,4.27,3.99,-0.28,76.28,120.4331,5.22,1.26,0.4,0.86,13.31,4.36,4.06,-0.3,78.3,120.6025,5.21,1.23,0.37,0.86,2024-01-30,0.0242,0.0218,0.0216
2024-03-20,2024,True,0.0,0.0,1,0,0.0,0.0,0.0,-0.0100000000000051,-0.0150000000000005,-0.0249999999999914,-0.0200000000000102,-0.039999999999992,-0.0349999999999965,-0.0250000000000056,-0.0200000000000102,-0.0050000000000096,0.0,0.0049999999999954,-0.0082363706297038,-0.0241671537759383,-0.0294553384485096,0.0119308829091733,0.0111878536095724,0.0012540547877784,0.0148970886786654,0.012039425164338,-0.0014102469651785,-0.002263728317807,0.0030368091729688,0.0100384534913113,0.0041271323401959,0.0117763624073232,0.0092493423353279,13.04,4.59,4.27,-0.32,82.79,120.9289,5.24,1.16,0.36,0.7999999999999999,13.82,4.68,4.3,-0.38,84.39,120.9332,5.24,1.15,0.35,0.7999999999999999,2024-03-19,0.0208,0.022,0.0222
2024-05-01,2024,True,0.0,0.0,0,0,0.0,0.0,0.0,0.0049999999999954,0.0049999999999954,0.0,0.0049999999999954,0.0,-0.0049999999999954,-0.0074999999999931,-0.0100000000000051,-0.0100000000000051,-0.0150000000000005,-0.0150000000000005,0.0043573725932566,-0.0224588993596932,-0.0169710354397234,0.0,-0.0102411332848182,0.0115372722005122,-0.006263440565126,-0.0024686311969213,-0.0159325107432698,0.0017813265246071,-0.0063577046776441,0.0051899261157972,0.0005526412414502,0.0092476194212178,-0.0032471395535833,15.39,4.96,4.63,-0.33,80.7,123.0168,5.26,1.14,0.35,0.7899999999999999,15.65,5.04,4.69,-0.35,83.49,122.9853,5.25,1.14,0.36,0.7799999999999999,2024-04-30,0.027,0.0238,0.0234
2024-06-12,2024,True,0.0,0.0100000000000051,1,0,0.0,0.0049999999999954,0.0100000000000051,0.0200000000000102,0.0200000000000102,0.0349999999999965,0.0049999999999954,0.019999999999996,0.0300000000000011,0.0250000000000056,0.0200000000000102,0.0300000000000011,0.0150000000000005,0.0100000000000051,0.018281158810999,0.0172068235866022,0.0329153537472301,-0.0009789543182998,0.0221192006630082,-0.0065333687006944,0.0104072409271069,0.0095074030355915,-0.010719481037017,-0.0021179708461681,-0.0109594534685354,0.0018956243005241,0.0070974945278907,-0.0021232889684222,0.0082131414476109,12.04,4.75,4.31,-0.44,79.56,123.8295,5.25,1.12,0.38,0.7400000000000001,12.85,4.81,4.39,-0.42,78.88,124.0349,5.25,1.12,0.38,0.7400000000000001,2024-06-11,0.0273,0.0241,0.0237
2024-07-31,2024,True,0.0,0.0124999999999885,0,0,0.0,0.0,0.0049999999999954,0.0099999999999909,0.0149999999999863,0.0150000000000005,0.0150000000000005,0.0200000000000102,0.019999999999996,0.019999999999996,0.019999999999996,0.0150000000000005,0.0099999999999909,0.0049999999999954,0.0166751351117415,-0.0557201164625813,-0.031001958089621,-0.002508408814412,0.042351596913666,0.0129420967470683,0.0154904930684593,0.0111506894241795,0.0042017178267756,-0.0036621013409166,-0.0017949562687504,0.0104178845955058,-0.0024219471063822,0.0119133289632671,0.0162547630788283,16.36,4.29,4.09,-0.2,79.36,123.6373,5.15,1.2,0.4,0.7999999999999999,17.69,4.35,4.15,-0.2,76.17,124.2855,5.14,1.18,0.41,0.77,2024-07-30,0.0256,0.0239,0.0237
2024-09-18,2024,True,-0.1187499999999985,-0.1008152173913099,1,0,-0.0474999999999994,-0.1150000000000091,-0.1050000000000039,-0.1099999999999994,-0.1099999999999994,-0.1149999999999948,-0.1199999999999903,-0.1300000000000096,-0.1149999999999948,-0.0999999999999943,-0.0750000000000028,-0.0549999999999926,-0.0400000000000062,-0.0300000000000011,-0.0729495922220234,0.0372709908323588,-0.0463224843054496,-0.003088459593044,-0.0091254307009507,-0.0075872537240815,-0.0019676263413717,-0.0008336198802657,0.0019376380636586,-0.0016706549249366,-0.0038341357719838,-0.0042676697186362,-0.0028889431935439,-0.0007973676988934,-0.0029657370108427,18.23,3.61,3.7,0.09,71.87,121.5618,4.65,1.19,0.36,0.83,17.61,3.59,3.65,0.06,72.16,121.6031,4.75,1.2,0.37,0.83,2024-09-17,0.0224,0.0212,0.0212
2024-11-07,2024,True,0.0,0.0119230769230998,0,0,0.0,0.0050000000000096,0.0049999999999954,0.0100000000000051,0.0150000000000005,0.0099999999999909,0.0099999999999909,0.0150000000000005,0.0150000000000005,0.0150000000000005,0.0200000000000102,0.0150000000000005,0.0150000000000005,0.0150000000000005,0.0144604513803867,-0.0009883161956316631,0.0144793911965161,-0.0161453475045083,0.0174415351288685,0.0018054369491393,0.0128451427499702,-0.0060098915076841,-0.0045959249103971,0.0072278853284479,0.0036450062991546,0.0038959572323242,0.0124296398959067,0.0131029125782475,0.0077322460343278,15.2,4.21,4.31,0.1,72.69,124.775,4.43,0.99,0.29,0.7,16.27,4.27,4.42,0.15,71.98,125.7035,4.44,1.01,0.31,0.7,2024-11-06,0.0226,0.0211,0.0212
2024-12-18,2024,True,-0.0059615384615668,0.0150000000000005,1,0,-0.0025000000000119,-0.0099999999999909,0.0150000000000005,0.0249999999999914,0.0374999999999943,0.0600000000000022,0.0499999999999971,0.0949999999999988,0.1200000000000045,0.1200000000000045,0.125,0.1200000000000045,0.1050000000000039,0.0949999999999988,0.0549295439484527,0.0170982557028338,0.072803439761954,-0.02993880529487,-0.0322525605381932,-0.0235985363404266,-0.0450653578627168,-0.0282483349083232,-0.0295576436635117,-0.0135766711052893,-0.0152202649463343,-0.0284253071177725,-0.0391324939509852,-0.0285374696810436,-0.0298035827953078,27.62,4.35,4.5,0.15,70.8,127.6418,4.25,0.98,0.33,0.6499999999999999,15.87,4.25,4.4,0.15,70.31,127.5043,4.26,0.99,0.33,0.6599999999999999,2024-12-17,0.0265,0.0235,0.0232
2025-01-29,2025,True,0.0049999999999954,0.0050000000000321,0,0,0.0,0.0049999999999954,0.0050000000000096,0.0200000000000102,0.0150000000000005,0.019999999999996,0.0250000000000056,0.0249999999999914,0.0250000000000056,0.0249999999999914,0.0250000000000056,0.0300000000000011,0.0300000000000011,0.0024999999999977,0.0179915260109813,-0.002385304583108,0.0128621174782534,-0.0007794981199757,-0.0081320607937832,0.0020893097624217,-0.0028496968556657,-0.0033992928562102,0.0022346398650392,-0.005869420699709,0.0024124200331632,-0.0018026382067555,-0.0115801873202469,0.0044370465588152,-0.0044828779695655,16.56,4.21,4.55,0.34,72.94,128.3418,4.2,1.01,0.33,0.6799999999999999,16.41,4.19,4.55,0.36,74.15,128.2817,4.2,1.0,0.33,0.6699999999999999,2025-01-28,0.0263,0.0246,0.0244
2025-03-19,2025,True,0.0,-0.0064583333333274,1,0,0.0,0.0049999999999954,-0.0049999999999954,-0.0099999999999909,-0.0150000000000005,-0.0200000000000102,-0.0150000000000005,-0.0349999999999965,-0.0500000000000113,-0.0649999999999977,-0.0750000000000028,-0.0700000000000073,-0.0649999999999977,-0.0700000000000073,-0.0158839166759738,-0.0235955778213182,-0.0394459739463627,0.0110136102011899,0.0130096265955241,0.0036872381579098,0.0191731826515326,0.0132697022771204,0.016312711495835,0.000544956629024,0.0,0.0033367454523134,0.0011926613660981,0.011886097410704,0.0108907119452394,19.9,3.99,4.25,0.26,67.4,125.8006,4.2,1.13,0.4,0.7299999999999999,21.7,4.04,4.29,0.25,67.49,125.488,4.2,1.15,0.41,0.74,2025-03-18,0.0218,0.0227,0.023
2025-05-07,2025,True,0.0,-0.0062499999999943,0,0,0.0,-0.0024999999999977,0.0,-0.0099999999999909,-0.0100000000000051,-0.019999999999996,-0.0099999999999909,-0.0249999999999914,-0.0300000000000011,-0.0349999999999965,-0.0349999999999965,-0.0300000000000011,-0.0300000000000011,-0.0300000000000011,-0.0076307119549748,0.0175187297387694,0.0048127854570403,0.0058992357150544,0.0100153700404654,0.0028564869084792,0.007795505713688,0.005094550949052,0.0003728178826505,0.0076675537650234,0.0015979773833698,-0.0054963509111199,-0.0007212257218217,-0.0018436546290658,0.0042053108413475,23.55,3.78,4.26,0.48,59.42,122.117,4.22,1.32,0.43,0.8900000000000001,24.76,3.78,4.3,0.52,60.42,122.0417,4.22,1.33,0.43,0.9000000000000001,2025-05-06,0.0289,0.024,0.0235
2025-06-18,2025,True,0.0062499999999943,0.0,1,0,0.0024999999999977,0.0049999999999954,0.0,-0.0100000000000051,-0.019999999999996,-0.0300000000000011,-0.019999999999996,-0.0400000000000062,-0.0349999999999965,-0.0300000000000011,-0.0150000000000005,-0.0100000000000051,-0.0049999999999954,0.0,-0.0082361257364412,0.0145339773244741,0.0025646766449626,-0.0003980019127922,0.001201727788505,0.0026135933783726,0.0004753498360123,-0.0023850220052563,-0.0065417880428112,-0.0017232170302089,-0.0012418128290921,-0.0028650315910467,0.001915629717262,0.0004834255281327,-0.0001505681455331,20.14,3.94,4.38,0.44,75.89,120.7305,4.23,1.1,0.35,0.7500000000000001,21.6,3.94,4.39,0.45,75.62,120.5048,4.23,1.1,0.34,0.76,2025-06-17,0.0238,0.0234,0.0235
2025-07-30,2025,True,0.0024999999999977,-0.0032692307692277,0,0,0.0,0.0024999999999977,0.0,-0.0050000000000096,-0.0050000000000096,-0.0099999999999909,-0.0050000000000096,-0.0049999999999954,-0.0099999999999909,-0.0200000000000102,-0.019999999999996,-0.0099999999999909,-0.0150000000000005,-0.0150000000000005,0.0009572058186149252,0.0597543691486567,0.0480451846682456,-0.0018940270757461,0.0022339483244806,0.0074485614870012,-0.0063218117360576,-0.0049099228583793,-0.0142775685627096,-0.0017852422209208,-0.0088679804329611,-0.020180810881892,-0.0140350643990719,0.0031096473175398,-0.0012592830860781,15.48,3.94,4.38,0.44,71.09,121.4042,4.25,0.99,0.32,0.6699999999999999,15.98,3.86,4.34,0.48,70.27,120.9674,4.24,1.0,0.32,0.6799999999999999,2025-07-29,0.0279,0.0237,0.0234
2025-09-17,2025,True,0.011538461538451,-0.0349999999999965,1,0,0.0049999999999954,0.0099999999999909,-0.0349999999999965,-0.0400000000000062,-0.0450000000000017,-0.0550000000000068,-0.0549999999999926,-0.0600000000000022,-0.0649999999999977,-0.0499999999999971,-0.0499999999999971,-0.0450000000000017,-0.0449999999999874,-0.0400000000000062,-0.0236785376797641,0.0251726792109364,-0.0047039458314124,0.0097087540150266,-0.0034512870354174,0.0024958997397475,-0.0025187400661267,-0.0045446096521828,0.0023391066757598,0.0019719274718001,0.006017981196168,0.002316288351851,-0.0004757047567378,0.0026155490339019,-0.0012425426118721,15.72,3.52,4.06,0.54,64.41,119.1582,3.88,0.96,0.31,0.6499999999999999,16.36,3.51,4.04,0.53,64.89,119.1348,3.9,0.96,0.3,0.6599999999999999,2025-09-16,0.028,0.0234,0.023
2025-10-29,2025,True,0.0249999999999914,0.0102380952381001,0,0,0.0,0.0249999999999914,0.0150000000000005,0.0100000000000051,0.0049999999999954,0.0,0.0150000000000005,0.0049999999999954,0.0,0.0,-0.0050000000000096,-0.0049999999999954,0.0,0.0,0.0111857760125556,0.0766550954066513,0.0695202895299684,-0.0169843346184035,0.0071864588109584,-0.0003327462306982,-0.0082525042218968,0.002586005736618,0.0074404415100683,-0.0101065471070053,-0.0235879561112832,-0.01964293834891,-0.0272791620500568,-0.0024875819013393,0.0004804859921407,16.92,3.59,4.08,0.49,61.26,120.5312,3.77,0.96,0.3,0.6599999999999999,16.42,3.47,3.99,0.52,60.97,120.6361,3.73,0.97,0.3,0.6699999999999999,2025-10-28,0.0273,0.0232,0.023
2025-12-10,2025,True,-0.0036904761904938,-0.0100000000000051,1,0,-0.0025000000000119,-0.0049999999999954,-0.0100000000000051,-0.0049999999999954,-0.0049999999999954,-0.0099999999999909,-0.0100000000000051,-0.0150000000000005,-0.0150000000000005,-0.0099999999999909,-0.0049999999999954,0.0,0.0,0.0,-0.0018015303635459,-0.0077666578264925,-0.0118198275530867,0.0114489809672821,0.0047967388633753,-0.0004678385802925,0.0146634227872253,0.018269560835165,0.0105031836337856,0.0145373001983046,0.0029492654645466,0.0195899035499549,0.0019753766419932,0.0058424292292773,0.0066321750450548,15.77,3.54,4.13,0.59,58.67,120.6752,3.6,1.0,0.32,0.6799999999999999,16.93,3.61,4.18,0.57,58.4,120.6832,3.64,1.0,0.33,0.6699999999999999,2025-12-09,0.0273,0.0232,0.023
2026-01-28,2026,True,0.0,0.0,0,0,0.0,0.0,0.0,0.0050000000000096,0.0049999999999954,0.0049999999999954,0.0049999999999954,0.0,0.0099999999999909,0.0050000000000096,0.0099999999999909,0.0050000000000096,0.0099999999999909,-0.0024999999999977,0.0080727357866839,0.0008888469760437015,0.0075378760891588,-0.0001886843408984,0.0079701283684208,-0.0023025359762901,-0.0074985638756458,-0.0055737660432683,0.0076505351403732,-0.0073336018133089,-0.0101010288687088,-0.0006002143226835,-0.0096969948547784,-0.0012831869037739,-0.0001007376579122,16.35,3.56,4.26,0.7,62.75,117.5117,3.59,0.93,0.31,0.6200000000000001,16.35,3.53,4.24,0.71,62.04,117.4523,3.58,0.94,0.32,0.6199999999999999,2026-01-27,0.0259,0.0234,0.0233
2026-03-18,2026,True,0.005961538461533,-0.0049999999999954,1,0,0.0024999999999977,0.0,-0.0049999999999954,-0.0049999999999954,0.0,-0.0049999999999954,0.0,-0.0099999999999909,-0.0150000000000005,-0.0150000000000005,-0.0150000000000005,-0.0150000000000005,-0.0150000000000005,-0.0149999999999863,0.00019600265321031033,0.0334187221363017,0.0293372282053302,-0.0119047720716377,-0.0113227952508144,-0.0084871721637093,-0.0230606045326923,-0.0079279824411412,-0.0013672742001452,-0.0167066854303041,-0.0243210547788784,-0.0210016454959954,-0.0163858326610679,-0.0148218484848444,-0.013953630828001,25.09,3.76,4.26,0.5,96.12,119.9276,3.62,1.13,0.41,0.72,22.37,3.68,4.2,0.52,96.01,119.8328,3.61,1.14,0.43,0.71,2026-03-17,0.023,0.0218,0.0219
2026-04-29,2026,True,0.0024999999999977,-0.0032692307692277,0,0,0.0,0.0024999999999977,0.0,0.0049999999999954,0.0100000000000051,0.0100000000000051,0.0049999999999954,0.019999999999996,0.0300000000000011,0.0400000000000062,0.0300000000000011,0.0249999999999914,0.0250000000000056,0.0200000000000102,0.0181574507653301,0.0048528776817092,0.0217371336585764,0.0013500464646036,0.0079821627561398,-0.0123243237679556,-0.0014529373160675,-0.0061410769375561,0.0228730222465245,-0.0069521441282788,-0.0019258536630473,-0.0085603345885968,-0.0061489374232303,-0.0039740376443186,-0.0001546344034137,18.81,3.92,4.42,0.5,110.47,119.0975,3.6,1.01,0.36,0.65,17.83,3.84,4.36,0.52,103.45,118.7717,3.6,1.02,0.37,0.65,2026-04-28,0.0328,0.025,0.0242
2026-06-17,2026,True,0.0,0.0300000000000011,1,0,0.0,0.0,0.0300000000000011,0.0449999999999874,0.0600000000000022,0.0799999999999983,0.0700000000000073,0.1000000000000085,0.1050000000000039,0.0850000000000079,0.0699999999999931,0.0499999999999971,0.0450000000000017,0.0350000000000108,0.0523140842482828,0.0604551348737409,0.1030820679534554,-0.0055198019523036,-0.0034327326003483,-0.0133156278964913,-0.0250717753864229,-0.0013900651843954,-0.0124639255122469,-0.0145809237056855,-0.0223156536471824,-0.013277676860839,-0.0250553882536117,-0.0277778099371641,-0.0124878949298304,18.44,4.2,4.49,0.29,80.65,119.3871,3.68,0.92,0.36,0.56,16.41,4.05,4.43,0.38,79.8,119.256,3.64,0.93,0.35,0.5800000000000001,2026-06-16,0.0304,0.0253,0.0247
2026-07-29,2026,True,-0.0649999999999977,-0.0649999999999977,0,0,-0.0049999999999954,-0.0649999999999977,-0.0649999999999977,-0.0750000000000028,-0.0799999999999983,-0.0799999999999983,-0.0799999999999983,-0.0750000000000028,-0.0550000000000068,-0.0499999999999971,-0.0349999999999965,-0.0150000000000005,-0.0099999999999909,-0.0150000000000005,-0.0377896848194916,-0.0282096817426337,-0.0631775997615362,-0.0159721908561969,-0.0264187802350829,-0.013400716261362,-0.0077347325801657,-0.0319469650696737,0.0187598026190676,-0.0060982246034343,0.0034459345298729,-0.0114634786467693,-0.0010867037358083,-0.0014588860708137,-0.0153874450031024,20.66,4.22,4.67,0.45,86.08,120.7892,3.7,1.0,0.46,0.54,18.21,4.26,4.61,0.35,80.91,120.6247,3.77,1.0,0.46,0.54,2026-07-28,0.0239,0.0243,0.0244
2026-09-16,2026,True,0.0294642857142893,0.0200000000000102,1,0,0.0137500000000017,0.0250000000000056,0.0200000000000102,0.032500000000013,0.0349999999999965,0.0400000000000062,0.0400000000000062,0.0649999999999977,0.0699999999999931,0.0649999999999977,0.0550000000000068,0.0450000000000017,0.0349999999999965,0.0275000000000034,0.0407680377207686,0.060538852383768,0.0918142405868384,-0.0161829057807997,0.0010340000921804,0.0,-0.0063131039464434,-0.0008291346436943,-0.028818466814564,0.0006560933314379,-0.0047772782735208,-0.0072934936965003,-0.0060366455392486,-0.0090327000817602,-0.0044098804847823,17.71,4.74,5.01,0.27,,118.9206,3.99,0.96,0.4,0.5599999999999999,17.2,4.67,5.0,0.33,107.02,118.8822,3.97,0.98,0.42,0.56,2026-09-15,0.0264,0.0258,0.0257
