model_output_date,1yr,2yr,3yr,4yr,5yr,6yr,7yr,8yr,9yr,10yr,11yr,12yr,13yr,14yr,15yr,16yr,17yr,18yr,19yr,20yr,21yr,22yr,23yr,24yr,25yr,26yr,27yr,28yr,29yr,30yr
2023-01-01,0.02679016097748743,0.02489744467756118,0.0239745778041376,0.02345053685546127,0.02314304448624065,0.02296638825121555,0.02287304646123706,0.02283448557801276,0.02283273662744932,0.02285609282511471,0.02289671811238943,0.02294924614012216,0.02300992857682807,0.02307610209950887,0.02314584647120186,0.02321776028225249,0.02329081082562052,0.02336423166052122,0.02343745145166441,0.02351004369828358,0.0235816906603121,0.02365215709371536,0.02372127086998423,0.02378890849880878,0.02385498419174309,0.02391944151648719,0.02398224696952237,0.02404338498531324,0.02410285403252009,0.02416066354064882
2023-02-01,0.0261308946044568,0.02364634369454773,0.02243839954226183,0.02175819055694727,0.02136520908839587,0.02114582807092303,0.02103688149804049,0.02100039086270909,0.02101242553267426,0.02105739412341138,0.02112486439417202,0.0212076975391363,0.0213009129350557,0.0214009772333735,0.02150534813498819,0.02161217509067808,0.0217200989170967,0.02182811506206349,0.0219354786218485,0.02204163724938575,0.02214618301915653,0.02224881739005649,0.02234932536044585,0.02244755616993946,0.02254340872875819,0.02263682050540857,0.02272775897487588,0.02281621498391145,0.0229021975666017,0.02298572986759898
2023-03-01,0.02073250865759233,0.02203574606947351,0.02222379211657535,0.0222481548413153,0.0222638086207315,0.02229806857420442,0.02235180429284534,0.02242064243815229,0.02250001495324735,0.02258624143670205,0.02267658328695337,0.02276906452762278,0.02286227756096023,0.02295522560656316,0.02304720592530736,0.02313772620977129,0.02322644542787407,0.02331313200617406,0.02339763412733722,0.02347985846582482,0.02355975482163789,0.02363730490598615,0.0237125140765119,0.02378540518932918,0.02385601398639148,0.02392438560823918,0.02399057194011941,0.02405462958127321,0.02411661828447114,0.02417659975340537
2023-04-01,0.02650832570377908,0.02380572555401033,0.02251933931561208,0.02179973435256432,0.02138355374688193,0.02114926866937576,0.02103022364912761,0.02098665080294244,0.02099360596064072,0.02103488141961262,0.02109964958780653,0.0211805071932605,0.02127229060045894,0.02137133621591683,0.02147500684156161,0.0215813813873731,0.02168904733089706,0.02179695919007113,0.0219043402520776,0.02201061317604006,0.02211535021020034,0.02221823695677821,0.02231904564238698,0.02241761515738491,0.0225138359828413,0.02260763869279448,0.02269898510363299,0.02278786140548551,0.02287427279309188,0.02295823924200932
2023-05-01,0.02653638571234772,0.02407768272324113,0.02292693618366161,0.02228913424354996,0.02192284953019458,0.02171833026884671,0.02161591793470725,0.02158020861757356,0.02158906844143507,0.02162814622163808,0.02168786839447521,0.02176169590014477,0.02184507157141777,0.02193476437226517,0.02202845004712827,0.022124436679052,0.02222148125387857,0.02231866463251082,0.0224153047669934,0.02251089543111543,0.02260506227689008,0.02269753085476502,0.02278810302641382,0.02287663935307233,0.02296304579815487,0.02304726358550363,0.02312926139388192,0.02320902930059314,0.02328657404830706,0.02336191532250943
2023-06-01,0.01366262544020564,0.01605196287021139,0.01646521624525694,0.01658310284580528,0.01668073332800035,0.01680721685407594,0.01696464651574261,0.01714568524234004,0.01734255136956365,0.01754896790038728,0.01776027978650277,0.01797315050855987,0.01818522712302377,0.01839486719494049,0.018600935995574,0.01880266117491777,0.01899952991964413,0.0191912162778267,0.01937752957455451,0.0195583775236617,0.01973373961247381,0.0199036477173466,0.02006817185443554,0.02022740961408358,0.02038147826513163,0.02053050881452204,0.02067464151322779,0.02081402244219893,0.02094880091192657,0.02107912747990486
2023-07-01,0.02474316531597774,0.02287850757892753,0.02183663111254378,0.02122204060103504,0.02086372767979193,0.02066744825785146,0.02057660831852921,0.02055573906999699,0.02058195436545597,0.0206401319085475,0.02072006795163811,0.02081474615764919,0.02091925923519731,0.0210301231112509,0.02114483219887899,0.02126156557497418,0.02137898932211789,0.02149612122024377,0.02161223655525632,0.02172680149617853,0.02183942525798824,0.02194982526715492,0.02205780146329811,0.02216321711268707,0.02226598432634604,0.02236605302060259,0.02246340242665766,0.02255803450861812,0.02264996882512111,0.02273923849329861
2023-08-01,0.02606968932293477,0.02402719040929164,0.02288607254968494,0.02220134530759637,0.02178828198090781,0.02154676784163333,0.02141711523910158,0.02136203854175222,0.02135751036302514,0.02138765551039177,0.02144175320949455,0.02151241937794623,0.02159447670104038,0.02168423696678756,0.02177903607509659,0.02187692698256569,0.02197647319302387,0.02207660739715437,0.02217653305696497,0.02227565477678103,0.02237352828707199,0.02246982400284383,0.02256430012027801,0.02265678251254603,0.02274714953867897,0.02283532044828705,0.0229212464497424,0.02300490377330191,0.02308628824396906,0.02316541100788029
2023-09-01,0.0281243484377258,0.02542362019022843,0.02407335117715069,0.02328646589207724,0.02280830506641036,0.02251793736431729,0.02234791321803025,0.02225757790634562,0.02222125661626268,0.02222218129225473,0.0222491006674295,0.02229428875986218,0.0223523319476693,0.02241936890294898,0.02249260255541313,0.02256997977241859,0.02264997680341033,0.0227314528037399,0.02281354802866154,0.02289561187473177,0.02297715121222471,0.02305779274077792,0.02313725518912604,0.02321532852798937,0.02329185824915962,0.02336673335224091,0.0234398770779366,0.02351123969900353,0.02358079286899619,0.02364852516183817
2023-10-01,0.02769573671863674,0.026036689644749,0.02508633130261625,0.02449896033776271,0.024128971993133,0.02389701270106264,0.02375563838817117,0.02367515216635306,0.02363638114445881,0.02362663133286953,0.02363730887575092,0.0236624762111558,0.02369795395617572,0.0237407501947796,0.02378869055392022,0.02384017383675419,0.02389400761317147,0.02394929563126101,0.02400535939470956,0.02406168264620426,0.02411787145996915,0.02417362513992533,0.02422871471220649,0.02428296683264315,0.02433625160835696,0.02438847328521395,0.02443956305904961,0.02448947347852012,0.02453817405330043,0.02458564778398702
2023-11-01,0.02791195703374778,0.02624212943722349,0.02529960287848075,0.02471884930133077,0.02435239098233283,0.02412137902576426,0.02397908471873185,0.02389638988270905,0.02385454107904703,0.02384113871091943,0.02384779401099879,0.02386871259923929,0.02389981563257072,0.02393818224916233,0.02398168856368979,0.02402876936426849,0.02407825785886,0.02412927596616015,0.02418115791261293,0.02423339615056808,0.02428560248312889,0.02433747971424764,0.02438880069534221,0.02443939264551193,0.02448912528359025,0.02453790175118907,0.02458565160409393,0.02463232535382856,0.02467789018325215,0.02472232655999556
2023-12-01,0.03091664989052204,0.02699623966384129,0.02523233908480371,0.02424143807026978,0.02363998993825767,0.02326533020311106,0.02303278470294661,0.02289338165585965,0.02281695630033791,0.02278410336975774,0.02278191674782342,0.02280157552719166,0.022836909660387,0.02288351624182337,0.02293819865262219,0.02299860138329599,0.02306296676320227,0.02312996948610931,0.02319860187103921,0.02326809287805981,0.0233378500033647,0.02340741695433103,0.02347644238704102,0.02354465651834204,0.02361185342366966,0.02367787749513254,0.02374261298147348,0.02380597583735809,0.02386790732156423,0.02392836893272062
2024-01-01,0.0241863256096352,0.02324660267317766,0.02253557709799417,0.02207868382340816,0.0218036388360404,0.02165172593109879,0.0215826258923201,0.02156945802636769,0.0215942973345894,0.0216450726528978,0.02171354518581401,0.02179400970587502,0.02188245864051276,0.02197603936485483,0.02207269750813791,0.02217093917378011,0.02226967001347941,0.02236808461448436,0.02246558928799907,0.02256174735637092,0.02265623982044904,0.02274883669597359,0.02283937585768804,0.0229277472401017,0.02301388091089896,0.02309773797928703,0.02317930360411081,0.02325858157432812,0.02333559007894222,0.02341035838523773
2024-02-01,0.02428328040729784,0.02319193876027207,0.0224202400671425,0.02193191766198147,0.02163910673080889,0.02147700755967204,0.0214023168254362,0.0213864960443792,0.0214106264915568,0.02146200965781299,0.02153199515864176,0.0216145994093986,0.02170562185985726,0.02180207331785462,0.02190180109989482,0.02200323953550491,0.02210524128669818,0.02220696148493594,0.02230777689143225,0.02240722863026921,0.02250498102711037,0.02260079161600612,0.0226944890031349,0.0227859563354244,0.02287511882085393,0.02296193421457192,0.02304638550164959,0.02312847522472044,0.02320822105595329,0.02328565231925696
2024-03-01,0.02082213330247829,0.02202173256140262,0.02208684097326858,0.0220196837977468,0.02197195468323076,0.02196338362091869,0.02198872324414718,0.02203926097855687,0.02210744035432723,0.02218752706988092,0.0222753591209881,0.02236796152578602,0.02246321543983814,0.02255961027727597,0.02265606688403766,0.02275181358389979,0.0228462995667454,0.02293913412248069,0.02303004366737153,0.02311884104845627,0.02320540337841907,0.02328965585237014,0.02337155980412511,0.0234511038009997,0.02352829694119165,0.02360316376567146,0.02367574036626331,0.02374607138902626,0.02381420771413403,0.02388020465145282
2024-04-01,0.0270436687469986,0.02557528098393535,0.02471167233824499,0.02417680141297478,0.02384283389425699,0.02363743719818369,0.02351665031387333,0.02345273287015843,0.02342769877300616,0.02342961364157272,0.02345039034930368,0.02348444111816462,0.02352783523271399,0.02357776222604885,0.02363218325578726,0.02368960051566221,0.02374890196929094,0.02380925496980528,0.0238700321416217,0.02393075890618165,0.0239910757633393,0.02405071079040878,0.02410945932349909,0.024167168760364,0.02422372706523699,0.02427905398404011,0.02433309426790686,0.02438581240155181,0.02443718847102077,0.02448721490246772
2024-05-01,0.02935667628683872,0.02725870010660178,0.02619013265071559,0.0255506883763393,0.02514668107778286,0.02488636751568848,0.02471863788663263,0.02461268997495184,0.02454905801209686,0.02451501131170205,0.02450198946114514,0.02450409692682527,0.02451718670440428,0.0245382862827182,0.02456522911025218,0.02459641271043172,0.02463063664235978,0.0246669918488659,0.02470478371953964,0.02474347768092409,0.02478266010199677,0.02482200978528959,0.024861276890238,0.02490026715268566,0.02493882993144818,0.02497684905678802,0.02501423575549767,0.02505092313267234,0.02508686183284472,0.02512201660343374
2024-06-01,0.02725840199313724,0.02585772403216242,0.02500269319293935,0.02446398382060007,0.02412285413316748,0.02390943158816344,0.02378054164325949,0.02370871268571602,0.02367604803055105,0.02367063670355281,0.02368439019827679,0.0237117103105596,0.02374865300976173,0.02379239402946375,0.02384088114611005,0.02389260388937628,0.02394643833645756,0.02400154070369885,0.02405727317250366,0.02411315135501247,0.02416880651962572,0.02422395804064812,0.02427839303663398,0.02433195113586831,0.02438451294853089,0.02443599125309602,0.02448632419421605,0.02453546998806874,0.02458340276926878,0.0246301093106494
2024-07-01,0.02555644311203479,0.02505354328296355,0.02453473715700196,0.0241708182461594,0.02393558931767161,0.02379195334404741,0.02371154811820604,0.0236746470973424,0.02366780811487016,0.02368186043736004,0.02371048863319149,0.02374928839073524,0.02379514614562349,0.02384583122119861,0.02389972559617253,0.02395564279213607,0.02401270484505734,0.02407025751754281,0.02412781099658538,0.02418499780477925,0.02424154250131626,0.02429723957281395,0.02435193709329562,0.02440552450376954,0.02445792337219335,0.02450908033660198,0.02455896166627891,0.0246075490353778,0.02465483621442234,0.02470082646331824
2024-08-01,0.02347059397014058,0.02293250816132646,0.02235822769742002,0.021967435870742,0.02173058004114832,0.02160312228979571,0.02155074889818731,0.02154954787428902,0.02158322695687728,0.02164068616702503,0.02171430010115924,0.0217987696904795,0.02189036672979974,0.02198643683482863,0.02208507000034268,0.0221848797801943,0.02228485329905082,0.02238424791250485,0.02248251896132966,0.02257926852876432,0.02267420858271581,0.02276713410940258,0.02285790328388992,0.02294642266407605,0.02303263601761012,0.0231165158087003,0.02319805665511702,0.02327727026045205,0.0233541814622313,0.02342882513195507
2024-09-01,0.02236120914894134,0.02213235847869335,0.02169031670394506,0.02137778627229434,0.0211947356765872,0.02110755452608404,0.02108707368023956,0.02111216504806698,0.02116818346852914,0.0212450669015845,0.02133587637071811,0.02143578495599671,0.02154140021942343,0.02165031359363392,0.02176079972722718,0.02187161411055964,0.02198185524813581,0.02209086954001682,0.02219818472110466,0.02230346263104243,0.02240646524218015,0.02250702990462011,0.02260505108630336,0.02270046675100983,0.0227932480907017,0.02288339171354245,0.02297091365040728,0.02305584472254713,0.02313822693828547,0.0232181106748607
2024-10-01,0.02256128408577035,0.02205148331260862,0.02156317736322132,0.02124906307627397,0.02107425020884948,0.02099670150946441,0.02098508780671094,0.02101785586392962,0.02108042425495254,0.02116290844548139,0.02125854789996017,0.02136266584716421,0.02147198887770363,0.02158420088347046,0.02169764809456341,0.02181114169095573,0.02192382389333221,0.02203507579373258,0.02214445297749114,0.02225163990201765,0.0223564171141148,0.02245863738013346,0.02255820809054399,0.02265507814169696,0.02274922805398893,0.02284066245840346,0.02292940433630813,0.02301549057118132,0.02309896849186872,0.02317989317214059
2024-11-01,0.02431675796967944,0.02402574280860522,0.02368926980641171,0.02346133553094239,0.02332685008988488,0.02325912595735135,0.02323723402232937,0.02324650377789026,0.02327691573464629,0.02332163803147118,0.0233759779771979,0.0234366772832696,0.02350144699577903,0.02356866098745566,0.02363715259006421,0.02370607819363207,0.02377482456513704,0.02384294498185229,0.02391011458111127,0.02397609869428052,0.02404073007531113,0.02410389230788115,0.02416550756417799,0.02422552747008471,0.02428392621669091,0.02434069531623365,0.02439583957583375,0.0244493739828685,0.02450132127967001,0.02455171006430623
2024-12-01,0.02650356343515821,0.02500455416709955,0.02422361184520521,0.02376808887773499,0.02349747487718329,0.02334110744741864,0.0232583719747426,0.02322438603845639,0.02322329306167532,0.023244687245425,0.02328157157580728,0.02332914042514847,0.02338403093228082,0.0234438508844188,0.02350687427397655,0.02357184090939033,0.02363782194161575,0.02370412795389704,0.02377024504069046,0.02383578961641221,0.02390047597010164,0.02396409263458859,0.02402648494565741,0.0240875420118717,0.02414718687062407,0.02420536897570291,0.02426205841156659,0.02431724140077405,0.02437091678995931,0.02442309328340057
2025-01-01,0.02626958414171045,0.02549854634326411,0.0250410773854922,0.02476224344798746,0.02459387176818939,0.02449635943942456,0.02444539175957739,0.02442555660418643,0.02442684264667383,0.02444260502237607,0.02446834463384353,0.02450095837459743,0.02453826930591523,0.02457872670320659,0.02462121104400645,0.02466490493775941,0.0247092061869406,0.02475366821507256,0.02479795856539935,0.02484182952698715,0.02488509703024764,0.02492762526912699,0.02496931534864524,0.02501009680250145,0.02504992118485129,0.0250887571802554,0.02512658683814794,0.02516340264953882,0.02519920526105415,0.02523400167588348
2025-02-01,0.0272766222797443,0.02605375017491991,0.02545686447691245,0.02511451598741092,0.02490948705907764,0.02478724581746453,0.02471775268080355,0.02468303450253442,0.02467179266354095,0.02467667067819588,0.02469274333272294,0.02471663461113792,0.02474598269902022,0.02477910567930799,0.02481478729337765,0.02485213651720258,0.02489049359364003,0.02492936592584058,0.02496838354434354,0.02500726764341699,0.0250458079976262,0.0250838465132728,0.02512126508520864,0.02515797652022521,0.02519391767528657,0.02522904421641171,0.02526332657790423,0.02529674682071302,0.02532929617136991,0.02536097308107653
2025-03-01,0.02183852723124486,0.02264306320630667,0.0227095489459958,0.02269159067225563,0.02268708823930742,0.02270824002662161,0.02275121967319483,0.02281010387041002,0.0228798234423679,0.02295655982308299,0.02303755896256892,0.02312086574460727,0.02320509920566282,0.02328928515249907,0.02337273714550537,0.0234549732415762,0.02353565790716416,0.02361456131690652,0.02369153060468819,0.02376646935494544,0.02383932281486173,0.02391006711578435,0.02397870133438732,0.02404524158789184,0.02410971660276823,0.02417216436267819,0.02423262955530362,0.02429116161646795,0.02434781322500064,0.02440263914068281
2025-04-01,0.02887185590447834,0.02616463015526792,0.02499068368156667,0.02435039550721316,0.02397344341341785,0.0237477396142849,0.02361585422652945,0.02354492131573213,0.02351484199881634,0.02351275359156755,0.02353013627962619,0.02356118780392095,0.02360186361960581,0.02364928810178427,0.02370138202533887,0.0237566205559734,0.02381387229420224,0.02387228992642878,0.02393123447640659,0.02399022188471146,0.02404888470892429,0.02410694424577105,0.02416418995576757,0.02422046408377639,0.02427565002983824,0.02432966346308786,0.02438244546696526,0.02443395720591594,0.02448417574382509,0.0245330907428349
2025-05-01,0.0269133727264958,0.02503336399690788,0.02414412752624826,0.02364629059847724,0.02335645000204363,0.02319086621638398,0.02310390481151479,0.02306844048831718,0.02306749517171531,0.02309004987596862,0.023128747050903,0.02317855620650506,0.02323596746482639,0.02329848886617937,0.02336432477039799,0.02343216532319524,0.02350104570182908,0.02357025015838123,0.02363924540139287,0.02370763355386454,0.0237751184064676,0.02384148085225012,0.02390656076281119,0.02397024345126805,0.02403244944718066,0.02409312669425207,0.02415224454194742,0.02420978908041405,0.02426575949179073,0.02432016517797062
2025-06-01,0.02380542022934899,0.02378491609139217,0.02358948192896753,0.02344827794252878,0.02337052208501602,0.02334109874215219,0.02334554966348252,0.02337311495287884,0.02341625244195165,0.02346975444295151,0.02353002345307829,0.02359455796192497,0.02366160351840113,0.02372991903286724,0.0237986201831876,0.02386707372977872,0.02393482542107734,0.02400155019215264,0.02406701729964829,0.02413106558036291,0.02419358565914734,0.02425450699053205,0.02431378830750846,0.02437141050347445,0.02442737127383961,0.02448168104560519,0.02453435986042071,0.02458543497101419,0.02463493897663284,0.02468290836946341
2025-07-01,0.02789047282384502,0.02559277281210665,0.02458601078400963,0.02403887057740292,0.02372164325352054,0.02353736080512744,0.02343573883897427,0.02338778288401063,0.02337568132479291,0.02338800691812253,0.0234171827359899,0.02345804892221103,0.02350701217775984,0.02356152225787074,0.02361973997978526,0.0236803211960024,0.02374227296587731,0.02380485577827722,0.02386751579495805,0.02392983706068914,0.02399150724302872,0.024052292700959,0.0241120200915399,0.024170562628962,0.02422782970156025,0.02428375894473756,0.02433831013222611,0.02439146042900472,0.02444320067464352,0.02449353245400554
2025-08-01,0.02689360447731927,0.02482810966927203,0.02387534381770118,0.0233493289416527,0.02304635910983603,0.02287541567560114,0.02278754465352949,0.02275387697047309,0.02275643193168546,0.02278357712110109,0.02282756232324991,0.02288309697014641,0.02294649434149609,0.02301513978594004,0.02308715125553197,0.02316115741234205,0.02323614943685295,0.02331138007670143,0.02338629359845005,0.02346047634314464,0.02353362126683747,0.02360550213500148,0.02367595448785086,0.02374486142600671,0.02381214287619644,0.0238777474023511,0.02394164590120611,0.02400382670888685,0.02406429177498424,0.02412305365203087
2025-09-01,0.02803599311040903,0.02545634324966886,0.02432877362181483,0.02371664003286613,0.02336188910718849,0.02315582141207368,0.02304214772132469,0.02298843991362279,0.02297478828889979,0.02298842416000883,0.02302088308927065,0.02306640166115674,0.02312096660925116,0.02318172976367607,0.02324663712442429,0.02331418754499641,0.02338327208721606,0.02345306482123239,0.02352294715793174,0.02359245448147424,0.02366123789152873,0.02372903636331597,0.02379565620860024,0.02386095573185607,0.02392483363609885,0.02398722017107951,0.02404807031189408,0.02410735845805895,0.02416507428319103,0.02422121946387445
2025-10-01,0.02727597628264481,0.0250151403014102,0.02403696292489169,0.02351380390692756,0.02321751166979798,0.02305198836270897,0.02296748484757769,0.0229353534839941,0.0229380166465756,0.0229642108985149,0.02300647815132546,0.02305974779194609,0.02312049576842681,0.02318622721622268,0.02325514846184186,0.0233259536554726,0.02339768274916233,0.02346962497209946,0.0235412519603705,0.02361217060704933,0.02368208927325168,0.02375079321059084,0.02381812643848683,0.02388397821402268,0.02394827281599918,0.02401096175240598,0.02407201776174144,0.02413143015726588,0.02418920118716657,0.0242453431706749
2025-11-01,0.0270387514436159,0.02499473961065032,0.02408450344592079,0.02359082671594921,0.02330943262659332,0.02315193640880536,0.02307175887399294,0.02304177344649307,0.02304521648980309,0.0230712970668292,0.02311284904484504,0.02316499122326248,0.02322432724159038,0.02328845096621564,0.0233556318749933,0.02342460991721144,0.02349445874700005,0.02356449266657833,0.02363420210946094,0.02370320812666464,0.0237712297592502,0.02383806030051693,0.02390354979023128,0.02396759194414815,0.02403011428486364,0.02409107061384543,0.02415043521657233,0.02420819836519312,0.02426436280276284,0.02431894097720995
2025-12-01,0.03192868843164016,0.02742171861038564,0.02565466517855303,0.02473613644292144,0.02420233886565019,0.02387819147401116,0.02368011990185408,0.02356257958160734,0.02349861255590506,0.02347132999043202,0.02346969499206882,0.02348625127519223,0.0235158230275604,0.02355473528481584,0.02360032865880412,0.02365064770891289,0.02370423535610143,0.02375999398961885,0.02381708961091248,0.02387488439472323,0.02393288840814136,0.02399072449313877,0.02404810235303875,0.02410479917872906,0.02416064499103671,0.02421551143103768,0.02426930310313587,0.02432195083028727,0.02437340635697439,0.02442363815923044
2026-01-01,0.02586395367687598,0.02449649258957223,0.02387964794795879,0.02355120993547159,0.0233732027935981,0.0232838615906078,0.02324995133583844,0.02325187962851314,0.02327745597325569,0.02331880711852112,0.02337070017075498,0.02342957477568817,0.02349296069815884,0.02355911585759181,0.02362679525670344,0.02369509995256596,0.0237633762112641,0.02383114683128693,0.02389806351115552,0.02396387324734098,0.02402839425456356,0.02409149845853898,0.02415309859750632,0.02421313860397578,0.02427158635381738,0.02432842814615322,0.02438366446398819,0.02443730669315441,0.0244893745657156,0.0245398941562405
2026-02-01,0.02585698146869017,0.02469012121976032,0.02416395654194482,0.02388511120467357,0.02373548440101612,0.02366204853608544,0.02363622436854135,0.02364114976601043,0.02366632882028414,0.02370498210660638,0.02375260440370933,0.02380613156397715,0.02386343885673807,0.02392302907558925,0.02398383338088503,0.02404508110867418,0.0241062128313415,0.02416682114899169,0.02422660962426358,0.02428536381452414,0.02434293051500812,0.0243992026693788,0.02445410825444748,0.02450760199337916,0.02455965911014693,0.02461027057629624,0.02465943946188913,0.02470717811257534,0.02475350595112201,0.02479844775543111
2026-03-01,0.02295295211914522,0.0225765620574154,0.02219855921785939,0.02195718758022337,0.02182704269104209,0.0217748608068885,0.02177553041418683,0.02181169786168901,0.02187160107717396,0.02194726178928024,0.0220332240297238,0.02212571626097064,0.02222210206119275,0.02232051950975371,0.02241964252743252,0.02251852108525988,0.02261647277034699,0.02271300814127457,0.02280777859032528,0.02290053939990013,0.02299112320054968,0.02307942065064114,0.02316536619997153,0.02324892748097838,0.02333009732201137,0.02340888767917459,0.02348532498821053,0.02355944657875132,0.02363129789127604,0.0237009303061479
2026-04-01,0.03276398082726909,0.02832735053733941,0.02654969680857033,0.02560573272376925,0.02504396168154221,0.02469228692230994,0.02446788791391599,0.02432534937228991,0.02423766316363467,0.02418784650233309,0.0241647665841309,0.02416088076992242,0.02417093817358281,0.02419119886212032,0.0242189468268486,0.02425217673454514,0.02428938702772449,0.02432944001533766,0.0243714652432185,0.02441479146662073,0.02445889791786878,0.0245033788382986,0.02454791728829113,0.0245922655519469,0.02463623029896874,0.02467966122554015,0.02472244227179194,0.02476448476993543,0.02480572205475447,0.0248461051928327
2026-05-01,0.03535255515594249,0.02984405000468213,0.027723656666042,0.02661721521626896,0.02595829099129283,0.02553926374503196,0.02526342604804692,0.02507901558068017,0.02495576384899274,0.02487484900483802,0.02482401771278322,0.024794999496637,0.02478204498722937,0.02478105755423207,0.02478905649241661,0.02480383397463015,0.02482372949844373,0.02484747783696102,0.02487410423922573,0.02490285074320618,0.02493312342373526,0.02496445400659692,0.02499647151958119,0.02502888107226419,0.02506144777610913,0.02509398442307479,0.02512634194785727,0.02515840197628565,0.0251900709543169,0.02522127548672527
2026-06-01,0.03038865952412803,0.02759406041437988,0.02637581890304705,0.02569822354846398,0.02528537002590512,0.02502426082704063,0.02485747403285295,0.02475230886862274,0.02468881736393703,0.02465424255826161,0.02464012862662402,0.02464070550806672,0.02465193828283687,0.0246709454599596,0.02469563154979554,0.02472444862086292,0.02475623781531301,0.02479012170878462,0.02482542974427036,0.02486164563103678,0.02489836961298338,0.02493529098387112,0.02497216778211958,0.02500881159451915,0.02504507604819838,0.0250808480011794,0.02511604073214609,0.02515058862849731,0.02518444300933954,0.02521756881673449
2026-07-01,0.02386001097526382,0.02435298495207348,0.02434459273341912,0.02429093900457649,0.02425647597754722,0.02424672416114933,0.02425697922976726,0.02428175008993793,0.02431658741650074,0.02435820469787747,0.02440424804375158,0.02445304673343249,0.02450341520035947,0.02455450953892262,0.02460572691202216,0.02465663575085695,0.02470692728831452,0.02475638169072424,0.02480484416747581,0.024852207934022,0.02489840192170843,0.0249433818094149,0.02498712340621319,0.02502961771753041,0.02507086723097919,0.0251108830959129,0.02514968296503137,0.02518728933148243,0.02522372824038322,0.02525902828579964
2026-08-01,0.02398831471186251,0.02474770240056505,0.0248580539578372,0.02486779108312808,0.0248681272318578,0.02487639003317775,0.02489417984568273,0.02491970608461351,0.02495081617780514,0.02498570501753768,0.02502300280102192,0.02506170841170025,0.02510110113523199,0.02514066523764565,0.02518003277405849,0.02521894213174121,0.02525720847853357,0.02529470277156685,0.0253313367964486,0.02536705242927122,0.02540181386062413,0.02543560190975195,0.02546840982614543,0.02550024016002498,0.02553110240892,0.0255610112336543,0.02558998509637394,0.02561804521446158,0.0256452147530677,0.02567151819944062
2026-09-01,0.02643823962335433,0.02626414984292754,0.02606795778729866,0.0259278033476211,0.02583585498349036,0.02577855699281136,0.02574530324057143,0.02572865623960266,0.02572352719924267,0.02572643577639557,0.02573498100089065,0.02574748599843134,0.025762763655759,0.02577996220448494,0.02579846276114225,0.0258178105905605,0.02583766838190757,0.02585778403195918,0.02587796810342837,0.02589807782123743,0.02591800554829782,0.02593767037380653,0.02595701189452555,0.02597598556227047,0.02599455916466294,0.02601271013612905,0.02603042348432281,0.02604769017778202,0.02606450588282134,0.02608086996739588
