fold,n_train,train_start,train_end,n_test,test_start,test_end
0,82,1996-01-31,2006-03-28,20,2006-05-10,2008-09-16
1,102,1996-01-31,2008-09-16,20,2008-10-29,2011-03-15
2,122,1996-01-31,2011-03-15,20,2011-04-27,2013-09-18
3,142,1996-01-31,2013-09-18,20,2013-10-30,2016-03-16
4,162,1996-01-31,2016-03-16,20,2016-04-27,2018-09-26
5,182,1996-01-31,2018-09-26,20,2018-11-08,2021-04-28
6,202,1996-01-31,2021-04-28,20,2021-06-16,2023-11-01
7,222,1996-01-31,2023-11-01,20,2023-12-13,2026-04-29
8,242,1996-01-31,2026-04-29,3,2026-06-17,2026-09-16
