announcement_date,y,s,l_hat,m_hat,y_resid,s_resid,theta_loo,delta_loo,score
2006-05-10,-0.2065099813157649,0.0,-0.0831276984645827,-0.031094059048633518,-0.12338228285118219,0.031094059048633518,-0.5589049323683885,0.00021507299506684507,-0.0032958761184442528
2006-06-29,0.5485974536797331,-0.15000000000000502,0.09741675625038712,-0.13217129882394243,0.45118069742934597,-0.017828701176062584,-0.5586067140170342,0.0005132913464210853,-0.007866242500295637
2006-08-08,-0.2422956633382022,-0.471739130434928,-0.003508877248467837,-0.08557168181292932,-0.23878678608973436,-0.3861674486219987,-0.5706900638489129,-0.011570058485457557,0.17559062157630181
2006-09-20,-0.2658993499401141,0.0,-0.09794216699769827,-0.08625751090901118,-0.16795718294241585,0.08625751090901118,-0.5584457966609017,0.0006742087025536359,-0.010327515429799643
2006-10-25,-0.0638337999970899,-0.049999999999954,-0.12653266075483333,-0.07967872867087544,0.06269886075774343,0.029678728670921445,-0.5592735702017747,-0.00015356483831940881,0.0023533104373183854
2006-12-12,0.2532553794568368,0.0,-0.12730938353763868,-0.05175396406331844,0.3805647629944755,0.05175396406331844,-0.560503133979311,-0.0013831286158556555,0.021193322791996205
2007-01-31,0.5023543487234787,-0.049999999999954,-0.01575008491152008,-0.09795455164063219,0.5181044336349988,0.04795455164067819,-0.5608253524959981,-0.0017053471325427783,0.02613124000092034
2007-03-21,0.8218344873435997,0.0,-0.17193009679022497,-0.017953115586080027,0.9937645841338246,0.017953115586080027,-0.5602959445179477,-0.0011759391544924336,0.01802138285057829
2007-05-09,-0.1325047370443493,0.07045454545448,-0.0801165816886853,-0.08018918475010113,-0.05238815535566402,0.15064373020458113,-0.5594334437103613,-0.00031343834690600314,0.004796461402937816
2007-06-28,-0.2673089138259557,0.0,-0.2153153909406037,0.016224365151124777,-0.05199352288535197,-0.016224365151124777,-0.5591846532534867,-6.464789003135518e-05,0.0009907390735274632
2007-08-07,-1.038812165938616,0.064583333333457,-0.294050163005661,0.047660554503785695,-0.744762002932955,0.01692277882967131,-0.5583080502034221,0.0008119551600331842,-0.01244332162137348
2007-09-18,1.335934346831705,-2.125000000000198,-0.121177083739627,-0.13250399845983946,1.4571114305713322,-1.9924960015403586,-0.49892301212472506,0.060196993238730234,-0.6835597363507959
2007-10-31,-0.4283023211327312,-0.19999999999996,-0.005265864910204782,-0.1970748019810679,-0.4230364562225264,-0.0029251980188921,-0.5592010635227775,-8.10581593222448e-05,0.0012422496724695759
2007-12-11,-1.737701685780936,0.310000000000158,-0.5758995587088993,0.14488682331993008,-1.1618021270720367,0.1651131766802279,-0.5475770530501679,0.011542952313287391,-0.1765859083827449
2008-01-30,0.8828989436152741,-1.099999999999994,-0.31853904115109494,-0.02567068610100024,1.201437984766369,-1.0743293138989938,-0.5135761350542661,0.04554387030918916,-0.6454129753000675
2008-03-18,-1.076983380966704,1.0730769230769641,-0.8016409074858076,0.15870478977954253,-0.27534247348089635,0.9143721332974216,-0.5740069150652922,-0.014886909701836926,0.2157015553542612
2008-04-30,0.266284896206158,-0.600000000000022,-0.012903725247313896,-0.15355659788623507,0.2791886214534719,-0.44644340211378686,-0.5582471600597043,0.0008728453037509798,-0.013202752907160598
2008-06-25,0.085608366237887,-0.100000000000051,0.27775398466110657,-0.16262223021881325,-0.1921456184232196,0.06262223021876225,-0.5584777722686837,0.000642233094771627,-0.00983997360802361
2008-08-05,0.1344075456867782,-0.05961538461549899,-0.1076211725897828,-0.010160506888089525,0.242028718276561,-0.04945487772740947,-0.558428102278583,0.0006919030848723251,-0.010602013385131916
2008-09-16,-0.6299648528264717,1.124999999999889,-0.46753087449967334,0.08711014680906759,-0.1624339783267984,1.0378898531908214,-0.5895592131212201,-0.030439207757764764,0.43370407287274115
2008-10-29,-1.172688724634938,-0.500000000000113,-0.09082450168602482,-0.10782606490156746,-1.0818642229489133,-0.3921739350985456,-0.5927533173156003,-0.03363331195214503,0.5102718274407607
2008-12-16,1.102872453112358,-1.498333333333439,-0.14923021855967591,-0.15270711042753016,1.2521026716720338,-1.3456262229059088,-0.5093625173980019,0.04975748796545343,-0.6724580420084011
2009-01-28,-0.2177400870960322,0.049999999999954,0.030593045538816033,-0.25768427352448614,-0.24833313263484824,0.30768427352444017,-0.5575786154600432,0.001541389903412127,-0.023476525440171835
2009-03-18,1.814499276643628,0.0,-0.5802938233541712,0.34728011725692104,2.3947930999977993,-0.34728011725692104,-0.50885749870019,0.05026250666326526,-0.7642322102772015
2009-04-29,0.6260138454157073,0.0,-0.5141558651480062,0.27981597323068286,1.1401697105637134,-0.27981597323068286,-0.541066744896413,0.018053260467042254,-0.27526028996098
2009-06-24,-0.6460254551668271,0.0,-0.19057191582059252,0.04015043433000527,-0.45545353934623456,-0.04015043433000527,-0.5603721739209769,-0.001252168557521638,0.019187990951101318
2009-08-12,-0.2913252569568232,0.0,-0.1600602668126445,0.034997722127450684,-0.1312649901441787,-0.034997722127450684,-0.5594644807714477,-0.0003444754079924284,0.00527880850731202
2009-09-23,0.5132982439796908,-0.099999999999909,-0.04992116573327199,-0.04979162956570486,0.5632194097129628,-0.05020837043420413,-0.5573664955868664,0.0017535097765889462,-0.026868854061359228
2009-11-04,0.0843513946413265,-0.057692307692417996,0.009548080273154125,-0.11299505078576894,0.07480331436817238,0.05530274309335094,-0.5595015938820176,-0.0003815885185622925,0.005846837407694887
2009-12-16,-0.0538885046838214,-0.258333333333391,-0.22454647174852266,0.07283267116997634,0.17065796706470127,-0.3311660045033673,-0.559435671031126,-0.000315665667670717,0.004803089708582251
2010-01-27,0.0814193649289317,-0.050000000000096,-0.3286042648795654,0.14453670661306833,0.4100236298084971,-0.19453670661316433,-0.5552864994335729,0.003833505929882408,-0.058605012636994386
2010-03-16,0.1936674638660815,-0.10333333333323799,-0.16591855666842126,0.053490199612719336,0.3595860205345027,-0.15682353294595733,-0.5563331778529423,0.002786827510512957,-0.042640764920353874
2010-04-28,0.1587174954547065,0.0,-0.04600839870060511,-0.033369819818721044,0.20472589415531162,0.033369819818721044,-0.5596064398561457,-0.00048643449269036854,0.007454271416522975
2010-06-23,0.3374547316823403,0.050000000000096,-0.1958650793004963,0.042783838764159615,0.5333198109828365,0.007216161235936387,-0.5593730261534053,-0.0002530207899500425,0.00387763679289603
2010-08-10,0.726819737950577,0.036904761904937,-0.17531648787083498,0.03189813857804681,0.902136225821412,0.00500662332689019,-0.5594156369761686,-0.0002956316127132874,0.004530671329237641
2010-09-21,0.5931500173422736,0.0,-0.11304023582729336,-0.0064831029908116455,0.706190253169567,0.0064831029908116455,-0.5594202788185898,-0.0003002734551345032,0.004601804305339723
2010-11-03,-0.3304001746460852,0.083333333333256,-0.1548259846771216,0.02670119280590917,-0.17557418996896357,0.05663214052734683,-0.5585881022502619,0.0005319031131933993,-0.008149932886718456
2010-12-14,0.002007346889605,0.045588235294075,-0.1480113294597306,0.025744791400535996,0.1500186763493356,0.019843443893539002,-0.5593286214806662,-0.00020861611721090245,0.003197047547150642
2011-01-26,-0.0558771165866508,-0.049999999999954,-0.14660689601183002,0.03868332244128844,0.09072977942517922,-0.08868332244124244,-0.5588817891916865,0.00023821617176877918,-0.0036488894651198174
2011-03-15,0.2829557328866579,-0.048437499999955,-0.14295842830368502,0.02137677881703541,0.42591416119034287,-0.06981427881699041,-0.557357031657696,0.0017629737057592854,-0.027009720349836636
2011-04-27,0.1641987324749456,0.0,0.01925033374279371,-0.03590056905919135,0.14494839873215187,0.03590056905919135,-0.5595066081729003,-0.0003866028094450247,0.005924352297773106
2011-06-22,0.0968681859406139,0.0,0.07518893574711097,-0.08477695963966507,0.021679250193502933,0.08477695963966507,-0.5595023190810675,-0.0003823137176122149,0.005856370696298633
2011-08-09,-0.9507977553784672,-0.07045454545468,0.04215017991391336,-0.0483239692813498,-0.9929479352923806,-0.022130576173330196,-0.5605717800203125,-0.0014517746568571965,0.02224834587483984
2011-09-21,-0.2500669075337891,0.083333333333256,0.07494721964557702,-0.07363248367935621,-0.32501412717936606,0.1569658170126122,-0.5566861193444974,0.002433886018957887,-0.03724035963894454
2011-11-02,-0.1438976871276221,0.0,-0.05302627592554676,-0.0024380026220555406,-0.09087141120207534,0.0024380026220555406,-0.5591057661785648,1.4239184890518786e-05,-0.00021822140954295442
2011-12-13,-0.7010256266044174,0.043055555555515,0.09607855302286392,-0.09918164300484433,-0.7971041796272813,0.14223719856035932,-0.5524512818487645,0.006668723514690833,-0.10206607344619592
2012-01-25,0.3036452690846406,-0.050000000000096,0.12196145279710063,-0.14431458997187352,0.18168381628754,0.09431458997177752,-0.5605634752197459,-0.0014434698562906245,0.02210894232618549
2012-03-13,-0.0018076448917664,0.0,0.1081062355326356,-0.07334244660086478,-0.10991388042440199,0.07334244660086478,-0.5587901248945933,0.0003298804688619539,-0.0050537823925021
2012-04-25,-0.0274118852163289,0.0,0.049932678558576984,-0.03151802659381137,-0.07734456377490588,0.03151802659381137,-0.5589971736233842,0.00012283174007110542,-0.0018823260320903735
2012-06-20,-0.0347154258363869,0.075000000000356,0.06676425659273488,-0.0611153481242952,-0.10147968242912178,0.1361153481246512,-0.5588943613330049,0.0002256440304504448,-0.003453909026230634
2012-08-01,-0.1478228734157926,0.155000000000005,0.03213471620595133,-0.053979337226809226,-0.1799575896217439,0.20897933722681422,-0.558256928328655,0.0008630770348002637,-0.01318932575648874
2012-09-13,0.6175266232252633,0.088235294117565,0.0511013950016779,-0.07256043152637187,0.5664252282235854,0.16079572564393688,-0.5660179106955058,-0.00689790533205048,0.10553495171618014
2012-10-24,0.0031805941349895,0.0,0.10146217438510843,-0.1129482290144789,-0.09828158025011893,0.1129482290144789,-0.5588608820869165,0.0002591232765387641,-0.0039678674267130875
2012-12-12,0.3942677385529605,0.040789473684172996,0.09876769180102599,-0.10465949571108912,0.29550004675193453,0.1454489693952621,-0.5627012675960363,-0.0035812622325810395,0.05480858612637292
2013-01-30,-0.0713484525682305,0.050000000000096,0.07951818178299905,-0.0881788568800462,-0.15086663435122954,0.1381788568801422,-0.5584555037396399,0.0006645016238153723,-0.010171079128837192
2013-03-20,0.1085727501670385,0.0,0.06239811475231949,-0.05759135951811116,0.046174635414719015,0.05759135951811116,-0.5594145947773395,-0.00029458941388416093,0.004513729520688729
2013-05-01,0.1750402119405867,0.0,0.051033441149118064,-0.060589795061922844,0.12400677079146863,0.060589795061922844,-0.559744355960388,-0.0006243505969326657,0.009566143288523715
2013-06-19,-0.0597007688367987,0.0,0.06810703203262913,-0.07070995425882479,-0.12780780086942783,0.07070995425882479,-0.5587125922004773,0.0004074131629779876,-0.006241740962977379
2013-07-31,-0.0408352887913082,0.0,0.030640203054951062,-0.03553718730557388,-0.07147549184625926,0.03553718730557388,-0.5590003296200902,0.00011967574336513298,-0.001833929937713664
2013-09-18,1.007075956428542,0.0,0.06738896144582587,-0.06700384386494745,0.9396869949827162,0.06700384386494745,-0.5633934283698393,-0.004273423006384003,0.06547281839644116
2013-10-30,-0.2932783766645565,0.0,0.08747529055789041,-0.0481155559399624,-0.38075366722244686,0.0481155559399624,-0.5580088890722101,0.0011111162912451622,-0.017025751890976572
2013-12-18,0.7612826937695307,0.0,0.03738852153773601,-0.008164836051481252,0.7238941722317948,0.008164836051481252,-0.5595081041200213,-0.0003880987565659799,0.005947750717189509
2014-01-29,-0.389685554381782,0.0,0.029409143089247657,-0.004380433710575442,-0.4190946974710296,0.004380433710575442,-0.559000916276467,0.0001190890869883221,-0.0018250880345222155
2014-03-19,-0.2058536116495532,0.0,0.05255484838511667,-0.03647565575373075,-0.2584084600346699,0.03647565575373075,-0.5585534644621121,0.0005665409013432265,-0.008681723702495302
2014-04-30,0.0164921250103046,0.0,0.01751833947413122,-0.011829132856576809,-0.0010262144638266205,0.011829132856576809,-0.5591243183371661,-4.312973710840495e-06,6.609753165809708e-05
2014-06-18,0.3527268698517854,0.0,0.08085299577389704,-0.05845603875620997,0.2718738740778884,0.05845603875620997,-0.5602819450341329,-0.0011619396706775698,0.017803243424332295
2014-07-30,0.4027111818454466,0.0,0.07475308073861231,-0.0502831815638763,0.32795810110683427,0.0502831815638763,-0.5602884828854473,-0.0011684775219920063,0.01790445484129762
2014-09-17,0.2558517010511683,0.0,0.06976218960114405,-0.04476071070436867,0.18608951145002423,0.04476071070436867,-0.5597366894670684,-0.0006166841036131521,0.009449707583947305
2014-10-29,-0.3096812001283122,0.0,0.02366723330453547,-0.0076590257150864,-0.33334843343284765,0.0076590257150864,-0.5589555507871385,0.00016445457631675264,-0.0025203258668788004
2014-12-17,0.7585011575670719,-0.055357142857406005,0.07712323603253285,-0.03684139384352657,0.681377921534539,-0.018515749013879437,-0.5583092729034692,0.0008107324599860855,-0.012424537811434565
2015-01-28,-0.2427554589234237,0.0,0.03480098299569729,0.017707358396061454,-0.277556441919121,-0.017707358396061454,-0.5594521468507799,-0.0003321414873246331,0.00509010377256808
2015-03-18,1.443400937701538,-0.11923076923099798,0.0630148921903515,-0.0021340467340708186,1.3803860455111865,-0.11709672249692717,-0.5490641565446372,0.010055848818818047,-0.15397222812670897
2015-04-29,0.0840555621512516,-0.049999999999954,0.10721386035050759,-0.005423773153130418,-0.023158298199255994,-0.04457622684682358,-0.5592598763259935,-0.0001398709625382022,0.002143303369317616
2015-06-17,0.3438200850225493,-0.11538461538483599,0.016227720085593762,0.03173544966412954,0.32759236493695554,-0.14712006504896552,-0.5567615259135272,0.0023584794499280637,-0.03609364133648962
2015-07-29,0.1284130524733694,-0.049999999999954,0.06522103600533957,0.012347758337454509,0.06319201646802983,-0.06234775833740851,-0.559004713685603,0.00011529167785229166,-0.0017664452615346047
2015-09-17,0.1436964730637837,-0.576923076923206,0.060121933740067364,0.011812691906989747,0.08357453932371633,-0.5887357688301957,-0.5687731854353988,-0.00965318007194349,0.1445931556468543
2015-10-28,-0.7084171394654086,-0.050000000000096,0.11357695428960976,-0.03159623951943899,-0.8219940937550184,-0.018403760480657012,-0.560119488158843,-0.0009994827953877516,0.015317155469111287
2015-12-16,0.1607717041800731,0.206666666666772,0.004487065103151909,0.07276419631897106,0.1562846390769212,0.13390247034780095,-0.5611420121148443,-0.0020220067513889717,0.030951849135539344
2016-01-27,-0.3653231301430906,-0.050000000000096,-0.03162906401455958,0.10977860910770827,-0.33369406612853103,-0.15977860910780428,-0.5635377532843615,-0.004417747920906212,0.06759106239092981
2016-03-16,0.2810887653965053,-0.15500000000015,0.1733972689852801,-0.16600462280535433,0.10769149641122519,0.01100462280520434,-0.5592017535023612,-8.174813890593491e-05,0.00125281469339426
2016-04-27,0.2354754258419956,-0.050000000000096,0.16191567100964083,-0.1099238129740158,0.07355975483235477,0.05992381297391979,-0.5595387350282037,-0.00041872966474842954,0.0064157045328295395
2016-06-15,-0.044661723462306,0.0,-0.05464830186404663,0.051734498819168855,0.00998657840174063,-0.051734498819168855,-0.5591839502283047,-6.394486484939677e-05,0.0009798107885783018
2016-07-27,0.2130181342661004,-0.100000000000051,0.06293529902968265,-0.00901322284283948,0.15008283523641774,-0.09098677715721153,-0.5585306769947224,0.0005893283687329331,-0.009026826176984531
2016-09-21,0.2948930312857107,-0.416666666666286,0.055068353480033354,-0.011589729727001633,0.23982467780567734,-0.40507693693928437,-0.5587636422437318,0.00035636311972353507,-0.005402939943295557
2016-11-02,0.0419083540493782,-0.053571428571379004,0.0842074003761322,-0.013932533324184461,-0.042299046326754,-0.03963889524719454,-0.5592867520006504,-0.00016674663719506988,0.002555200311049384
2016-12-14,-0.2470059880239377,0.0,0.09169203122808639,-0.015232694028230638,-0.3386980192520241,0.015232694028230638,-0.5587918170376127,0.0003281883258425822,-0.005029547903040311
2017-02-01,0.150621588508839,-0.051851851851804,-0.039490290986036215,0.06514526928134218,0.1901118794948752,-0.11699712113314617,-0.5581671983623951,0.0009528070010601519,-0.014589125489957623
2017-03-15,0.2796307526446951,0.0,0.22323586428486594,-0.14107232735981462,0.05639488835982917,0.14107232735981462,-0.5603668124746971,-0.00124680711124181,0.01908302989165742
2017-05-03,0.0404895671182818,-0.027678571428544997,0.13939079174573146,-0.06438804408566767,-0.09890122462744966,0.036709472657122676,-0.5589322517619725,0.00018775360148282072,-0.0028771498547785685
2017-06-14,-0.0340321542353601,0.18750000000009498,0.007935795246388662,0.023186743320000126,-0.04196794948174876,0.16431325668009486,-0.5596559890681301,-0.0005359837046747806,0.00819970464417144
2017-07-26,0.0185605113017388,-0.049999999999954,-0.002796805951059911,0.02089999281586908,0.02135731725279871,-0.07089999281582307,-0.559204621716135,-8.461635267975609e-05,0.0012963558247877603
2017-09-20,-0.1498373935077157,0.0,0.11994361970193085,-0.11207541818167135,-0.26978101320964654,0.11207541818167135,-0.5576041049662156,0.0015159003972397,-0.023212769755079597
2017-11-01,0.0880705184909284,-0.025862068965493,0.05150138810862057,-0.028125662572640493,0.03656913038230782,0.0022635936071474932,-0.559125593629664,-5.5882662086670365e-06,8.564250015677925e-05
2017-12-13,0.0699413467740814,0.043055555555515,0.14048463792469532,-0.047849018149616146,-0.07054329115061392,0.09090457370513114,-0.5590029901399217,0.00011701522353357863,-0.0017923405185333796
2018-01-31,-0.0917202585132925,-0.074999999999931,0.15220081054809587,-0.06314454122267468,-0.24392106906138838,-0.011855458777256314,-0.5593138277011217,-0.000193822337666405,0.0029703815598197086
2018-03-21,0.3566115300725974,0.0,0.06966457088542313,-0.006435688923771117,0.2869469591871743,0.006435688923771117,-0.5592420159875673,-0.00012201062411199004,0.0018698590507291398
2018-05-02,0.159868485547747,-0.026724137931008998,0.12757420208406914,-0.0634681976478428,0.03229428346367785,0.036744059716833796,-0.5592467018261611,-0.00012669646270579982,0.001941505494235119
2018-06-13,-0.1388315904647411,-0.044117647059033,0.04594765057789748,-0.028709451401255116,-0.1847792410426386,-0.01540819565777788,-0.5593144472035467,-0.0001944418400914305,0.0029798567740796952
2018-08-01,0.0174309609439677,-0.025833333333309,0.0351032807177031,-0.043456880743308876,-0.017672319773735398,0.017623547409999878,-0.5591110140930946,8.991270360692027e-06,-0.00013779220534877913
2018-09-26,0.2213600470774931,0.100000000000051,0.0985414551800872,-0.0852965097739406,0.1228185918974059,0.1852965097739916,-0.5618637692272869,-0.002743763863831572,0.04195512803642527
2018-11-08,0.0985646632314548,0.068181818181755,0.04663840096715888,-0.04835489765195339,0.05192626226429592,0.11653671583370839,-0.5600111207916725,-0.0008911154282171818,0.013644616470131725
2018-12-19,-0.901182911938785,0.258333333333465,-0.04186034003847583,-0.023720633260802083,-0.8593225719003091,0.28205396659426707,-0.5461397743990181,0.012980230964437234,-0.1978948610289722
2019-01-30,0.7713464441549261,0.0,-0.013201895430398299,-0.07712799391489251,0.7845483395853244,0.07712799391489251,-0.56328703498238,-0.004167029618924678,0.06383669208261776
2019-03-20,0.5203954579799155,0.0,0.047899029431298715,-0.14676163039973672,0.4724964285486168,0.14676163039973672,-0.5644380822996128,-0.00531807693615749,0.08138721867660216
2019-05-01,0.201235921120943,-0.258333333333391,0.008427261321407507,-0.116410928338782,0.1928086597995355,-0.14192240499460898,-0.5580679440782651,0.0010520612851901978,-0.016102090865167493
2019-06-19,0.2814384402719346,0.545454545454436,-0.2748768661130037,0.034853818151242666,0.5563153063849383,0.5106007273031933,-0.587651917985734,-0.02853191262227872,0.4298249114426035
2019-07-31,-0.1588939126050296,0.375000000000085,0.14025865797240547,-0.1708800268006138,-0.29915257057743505,0.5458800268006988,-0.5593401336501206,-0.00022012828666528872,0.003307963600262045
2019-09-18,-0.3700501412099333,0.343750000000042,-0.12875445547438727,0.031089616798423356,-0.24129568573554602,0.31266038320161865,-0.5577549911072714,0.0013650142561838496,-0.020785978250738902
2019-10-30,0.1417775608983991,-0.099999999999909,0.02058021832409945,-0.1555336696357849,0.12119734257429965,0.055533669635875915,-0.5596718045550795,-0.0005517991916241805,0.00845485282936733
2019-12-11,0.1684452313729162,0.0,0.07283791391447138,-0.12224700709097953,0.09560731745844482,0.12224700709097953,-0.5604291340050692,-0.0013091286416139214,0.020043382700304826
2020-01-29,0.0224984190300212,0.100000000000051,0.015240207826588806,-0.07118795993223312,0.007258211203432393,0.17118795993228414,-0.5602724357456743,-0.0011524303822190163,0.017627707716775617
2020-04-29,-0.1991229754273302,-0.300000000000011,-0.07514313914075339,-0.22973198768150271,-0.12397983628657681,-0.07026801231850827,-0.5598688410343394,-0.0007488356708841293,0.011472523998494466
2020-06-10,0.5665474647469392,0.0,0.05112233721973748,-0.10095599450820063,0.5154251275272017,0.10095599450820063,-0.5628897089259156,-0.0037697035624603137,0.05773387052260015
2020-07-29,0.0746448980596859,0.0,0.04270229509582485,-0.01417282357411348,0.03194260296386105,0.01417282357411348,-0.5591568744414078,-3.686907795252825e-05,0.0005650267124406633
2020-09-16,0.4220016023148359,0.0,0.0562153589102832,-0.03869133410871006,0.3657862434045527,0.03869133410871006,-0.5600981994506461,-0.000978194087190798,0.014989771214612414
2020-11-05,0.0203197158081746,0.029999999999971997,0.06591886008167182,-0.0310028911883459,-0.04559914427349722,0.06100289118831789,-0.5590742534611783,4.5751902276958134e-05,-0.000700996876175683
2020-12-16,-0.1654805425166114,-0.051666666666618996,0.05194116473961287,-0.028852513606883012,-0.21742170725622428,-0.022814153059735984,-0.5594626703105346,-0.0003426649470793519,0.005251306008040473
2021-01-27,-0.319595056437165,0.0,0.0647583833747499,-0.03974027304335227,-0.38435343981191494,0.03974027304335227,-0.5581808610376742,0.0009391443257811272,-0.014391298400518381
2021-03-17,0.5102390160400657,-0.110714285714498,0.06801487269486414,-0.03916719582765803,0.44222414334520155,-0.07154708988683997,-0.5572416008665442,0.0018784044969111235,-0.0287777230144229
2021-04-28,0.0540965928700052,-0.100000000000051,0.09769103931381612,-0.05866758274211865,-0.04359444644381092,-0.04133241725793236,-0.5592999256710218,-0.00017992030756652788,0.0027570469764114616
2021-06-16,-0.4938084920884233,0.26785714285720197,0.0907100541475943,-0.028315334937538954,-0.5845185462360176,0.29617247779474093,-0.5509774823476011,0.008142523015854164,-0.12407334114771684
2021-07-28,0.1848142929118885,0.0,0.039000319165327084,0.012260322231961107,0.1458139737465614,-0.012260322231961107,-0.559008837214764,0.00011116814869127634,-0.0017036819002007823
2021-09-22,0.3580193839973929,0.0,0.09756604399684003,-0.041084510557795224,0.26045334000055287,0.041084510557795224,-0.5598798957750435,-0.0007598904115881933,0.011644357345905286
2021-11-03,0.2344224751466793,0.027777777777752,0.13696996584692525,-0.045848804840404815,0.09745250929975405,0.07362658261815681,-0.5597861942979785,-0.0006661889345231931,0.010206014141647617
2021-12-15,0.623852973029052,0.0,0.13697276397493305,-0.01979604940396762,0.4868802090541189,0.01979604940396762,-0.5597632286126374,-0.00064322324918209,0.009857414617130328
2022-01-26,-0.2405466413943838,-0.050000000000096,0.163702402976699,-0.016031208079036206,-0.4042490443710828,-0.033968791921059796,-0.5600581911105502,-0.0009381857470949218,0.014377008407114434
2022-03-16,-0.7761717364030655,-0.206666666666772,0.17228638042312772,0.18577904675065038,-0.9484581168261932,-0.3924457134174224,-0.5893301524170674,-0.030210147053612135,0.45833042839766086
2022-05-04,-0.1497799882469395,-0.17222222222222802,0.18924615178898396,0.04025842776128961,-0.33902614003592346,-0.21248064998351762,-0.5654863617536979,-0.0063663563902426334,0.09727965948071633
2022-06-15,-0.1156504809044113,0.44999999999987395,0.6199390284011719,-0.28459188141921316,-0.7355895093055832,0.734591881419087,-0.5429799995934271,0.016140005770028165,-0.23864281884482577
2022-07-27,0.0615177137048561,-0.15000000000000502,0.17676435803041526,-0.2148227405750806,-0.11524664432555917,0.06482274057507559,-0.5587857507489465,0.0003342546145087555,-0.005121187944327151
2022-09-21,-1.340291581696079,-0.24999999999977,0.42175693602927283,-0.2827202813767436,-1.7620485177253518,0.03272028137697361,-0.5553967726691661,0.0037232326942892024,-0.05705612002140889
2022-11-02,0.7192233272303648,-0.053571428571379004,0.1866530143580332,0.01852426996529647,0.5325703128723316,-0.07209569853667547,-0.5568034697969507,0.002316535566504574,-0.03548984049493117
2022-12-14,-1.143543688900805,-0.022794117647036004,0.0729349412642749,0.14058809098067238,-1.2164786301650798,-0.1633822086277084,-0.5730869176465491,-0.013966912283093769,0.21367597280518424
2023-02-01,0.146056835213383,-0.077777777777706,-0.09749384404480758,-0.0688038318172477,0.24355067925819057,-0.008973945960458307,-0.5589803292604211,0.00013967610303422529,-0.0021405837463486705
2023-03-22,0.2722881203368439,0.258333333333095,-0.17510219260068854,-0.08624995678103267,0.44739031293753245,0.3445832901141277,-0.5736236168358004,-0.014503611472345135,0.22055181804997256
2023-05-03,0.1043324598616663,0.138392857142888,0.1351520941389045,-0.2981919191819418,-0.030819634277238203,0.43658477632482984,-0.5652724690281961,-0.006152463664740759,0.09311639384449567
2023-06-14,-0.6907698832103765,-0.18750000000009498,0.13743942656413408,-0.08649755982452412,-0.8282093097745106,-0.10100244017557086,-0.5649543992924562,-0.0058343939290008695,0.08935502004029032
2023-07-26,0.0965869677838679,0.0,-0.11804295679170913,0.06719426720818622,0.21462992457557703,-0.06719426720818622,-0.5583434562914148,0.0007765490720404999,-0.011897434794226698
2023-09-20,-0.1757797134026346,0.0,0.08691054505840104,-0.23672772015756133,-0.26269025846103566,0.23672772015756133,-0.5570994274075597,0.0020205779558956083,-0.030852973349427344
2023-11-01,0.0230450054702251,-0.025862068965493,-0.09023494925439791,-0.1224951599737027,0.11327995472462302,0.09663309100820969,-0.5601756035759029,-0.001055598212447606,0.01616762922019813
2023-12-13,0.6327492681246669,-0.043055555555515,-0.012388733612408512,-0.13344140283325528,0.6451380017370755,0.0903858472777403,-0.5632251240572798,-0.004105118693824461,0.062879132470014
2024-01-31,-0.3072182486617273,0.012499999999988,0.08112277162440415,-0.25336855154229737,-0.3883410202861315,0.2658685515422854,-0.5549425704630327,0.00417743490042255,-0.06372565939355267
2024-03-20,0.245029126194819,0.0,-0.2161167609805379,0.033642430287468265,0.46114588717535687,-0.033642430287468265,-0.558148916301102,0.0009710890623533253,-0.01488124900635858
2024-05-01,0.1060884415349171,0.0,-0.09209182665174433,0.0010523634080394362,0.19818026818666143,-0.0010523634080394362,-0.559106437156874,1.3568206581271447e-05,-0.00020793845450579307
2024-06-12,0.0002762057069683,0.0,-0.06305810502684539,-0.05418918250746731,0.0633343107338137,0.05418918250746731,-0.5594511443798376,-0.00033113901638226473,0.005073872248151616
2024-07-31,0.2004930751939743,0.0,-0.19931045086718535,-0.03043314738534665,0.39980352606115965,0.03043314738534665,-0.5599477732010355,-0.0008277678375802067,0.012685123420959264
2024-09-18,0.3753150535746249,-1.187499999999985,-0.042847182386759705,-0.1133550102346286,0.41816223596138463,-1.0741449897653563,-0.57294613117716,-0.013826125813704682,0.19593877961862372
2024-11-07,0.0643225419060947,0.0,0.0029589942671292557,-0.22917137513947777,0.06136354763896544,0.22917137513947777,-0.5619634391594496,-0.002843433795994277,0.04342748244332211
2024-12-18,-0.7746611321551587,-0.059615384615668,-0.21467606907737008,0.12321599704180095,-0.5599850630777887,-0.18283138165746896,-0.567037398628908,-0.00791739326545271,0.12107272283943468
2025-01-29,-0.3483221420942358,0.049999999999954,-0.26359416225515336,0.09825931033292915,-0.08472797983908242,-0.04825931033297515,-0.5594718327091665,-0.00035182734571115315,0.005391082578657927
2025-03-19,0.3737682938075916,0.0,0.008536021178871825,-0.13838580537561002,0.36523227262871977,0.13838580537561002,-0.563121663783169,-0.004001658419713672,0.061250463176704864
2025-05-07,-0.5906182325920577,0.0,0.11861485680496638,-0.2391470726414524,-0.7092330893970241,0.2391470726414524,-0.5501055869750768,0.009014418388378465,-0.13763420468901275
2025-06-18,-0.0615656845037707,0.062499999999943004,-0.08984607240400748,-0.07128187646965775,0.028280387900236778,0.13378187646960077,-0.5600208894868601,-0.0009008841234048326,0.013790304241127087
2025-07-30,-0.0508876369660321,0.024999999999977,-0.11479690666003442,-0.023708480090471468,0.06390926969400232,0.04870848009044847,-0.5594097287011104,-0.00028972333765509006,0.004439444567425606
2025-09-17,-0.0529045989103741,0.11538461538451,-0.21169129094287736,-0.04453148011838096,0.15878669203250326,0.15991609550289096,-0.5617142150487213,-0.0025942096852660246,0.03969101182262789
2025-10-29,-0.0728383798890734,0.249999999999914,-0.10590368329920985,-0.10540075277224495,0.03306530341013644,0.355400752772159,-0.5645396455560674,-0.005419640192612096,0.08237371110816591
2025-12-10,0.2984758214847028,-0.036904761904938,-0.20859302397543572,-0.021427761171688254,0.5070688454601385,-0.015477000733249747,-0.5586166524347086,0.0005033529287467031,-0.007713974655805083
2026-01-28,-0.0089635549028494,0.0,-0.05584679536945138,-0.03969408206296508,0.04688324046660198,0.03969408206296508,-0.5592989387829932,-0.00017893341953789665,0.002741947941637057
2026-03-18,-0.0822127443993123,0.05961538461533,-0.01574198418602516,-0.0891208887422929,-0.06647076021328713,0.1487362733576229,-0.5592822257841946,-0.00016222042073932297,0.0024825074226451868
2026-04-29,-0.118834162506773,0.024999999999977,-0.1133353005529106,-0.03528991222004023,-0.0054988619538623995,0.06028991222001723,-0.5592310110027989,-0.00011100563934363095,0.0017008045949720217
2026-06-17,-0.302333543370451,0.0,-0.05830793555554768,-0.02085414174879853,-0.2440256078149033,0.02085414174879853,-0.5588038036938816,0.0003162016695736902,-0.00484578599345265
2026-07-29,0.1430336128990366,-0.649999999999977,-0.10945625151880775,0.02571870406203297,0.2524898644178444,-0.6757187040620101,-0.5648151228989768,-0.005695117535521543,0.08467970373151135
2026-09-16,0.051267523798326,0.294642857142893,0.1339648240532908,-0.19486539043835033,-0.0826973002549648,0.48950824758124334,-0.5653175139903878,-0.006197508626932469,0.0934943883241919
