announcement_date,theta_loo,delta_loo,y_resid,s_resid
2024-12-18,-0.20119347994680195,1.0239268285196064,-3.5288616034576736,0.7494906260999108
2026-07-29,-1.6134256758932841,-0.3883053674268757,-1.7248566729399082,-0.40399050624512917
2024-07-31,-1.5146674845202122,-0.28954717605380376,1.7141975267349985,0.3245749090203027
2026-06-17,-1.042886470194902,0.1822338382715063,-1.3865842043741416,0.5654774275970578
2025-01-29,-1.0904474413113885,0.13467286715501992,-1.2149604288589468,0.48658179194427414
2025-10-29,-1.358047937145347,-0.1329276286789387,0.6674663532635835,0.30418130033142066
2024-06-12,-1.3509619484794446,-0.12584164001303622,0.39477371455574717,0.3555646477661174
2024-09-18,-1.3126425456983797,-0.08752223723197128,0.6406198286614777,-0.7177425479592279
2026-01-28,-1.3098667283190966,-0.08474641985268816,0.5497089153334148,0.24183874750954526
2025-12-10,-1.2892593109070158,-0.06413900244060744,1.1319276091194905,0.12290486600695572
