date,VIXCLS,DGS2,DGS10,T10Y2Y,BAMLC0A4CBBB,BAMLC0A1CAAA,DCOILWTICO,DTWEXBGS,DTB3,BBB_minus_AAA_OAS
2023-01-02,,,,,,,,,,
2023-01-03,22.9,4.4,3.79,-0.61,,,76.87,122.0905,4.4,
2023-01-04,22.01,4.36,3.69,-0.67,,,72.82,121.5008,4.41,
2023-01-05,22.46,4.45,3.71,-0.74,,,73.61,122.1017,4.51,
2023-01-06,21.13,4.24,3.55,-0.69,,,73.77,121.0852,4.51,
2023-01-09,21.97,4.19,3.53,-0.66,,,74.69,120.1508,4.55,
2023-01-10,20.58,4.24,3.61,-0.63,,,75.11,120.2483,4.57,
2023-01-11,21.09,4.2,3.54,-0.66,,,77.46,120.1614,4.57,
2023-01-12,18.83,4.12,3.43,-0.69,,,78.32,119.4218,4.5,
2023-01-13,18.35,4.22,3.49,-0.73,,,79.9,119.1673,4.51,
2023-01-16,19.49,,,,,,,,,
2023-01-17,19.36,4.18,3.53,-0.65,,,80.25,119.2121,4.56,
2023-01-18,20.34,4.06,3.37,-0.69,,,79.53,119.0755,4.54,
2023-01-19,20.52,4.09,3.39,-0.7,,,80.31,119.6107,4.55,
2023-01-20,19.85,4.14,3.48,-0.66,,,81.27,119.3486,4.57,
2023-01-23,19.81,4.21,3.52,-0.69,,,81.62,119.1434,4.58,
2023-01-24,19.2,4.12,3.46,-0.66,,,79.86,119.0958,4.57,
2023-01-25,19.08,4.11,3.46,-0.65,,,79.78,118.9686,4.56,
2023-01-26,18.73,4.17,3.49,-0.68,,,80.64,119.021,4.55,
2023-01-27,18.51,4.19,3.52,-0.67,,,79.73,118.9223,4.57,
2023-01-30,19.94,4.25,3.55,-0.7,,,77.97,118.8953,4.59,
2023-01-31,19.4,4.21,3.52,-0.69,,,78.95,118.9802,4.58,
2023-02-01,17.87,4.09,3.39,-0.7,,,76.34,118.6259,4.54,
2023-02-02,18.73,4.09,3.4,-0.69,,,75.87,118.3421,4.53,
2023-02-03,18.33,4.3,3.53,-0.77,,,73.4,119.5095,4.57,
2023-02-06,19.43,4.44,3.63,-0.81,,,74.11,120.541,4.59,
2023-02-07,18.66,4.47,3.67,-0.8,,,77.17,120.3475,4.59,
2023-02-08,19.63,4.45,3.63,-0.82,,,78.47,120.1436,4.59,
2023-02-09,20.71,4.48,3.67,-0.81,,,78.04,119.9781,4.64,
2023-02-10,20.53,4.5,3.74,-0.76,,,79.74,120.1419,4.66,
2023-02-13,20.34,4.52,3.72,-0.8,,,80.14,119.9828,4.68,
2023-02-14,18.91,4.6,3.77,-0.83,,,79.08,119.9229,4.67,
2023-02-15,18.23,4.62,3.81,-0.81,,,78.57,120.4557,4.66,
2023-02-16,20.17,4.62,3.86,-0.76,,,78.45,120.4651,4.7,
2023-02-17,20.02,4.6,3.82,-0.78,,,76.31,120.5526,4.7,
2023-02-20,21.23,,,,,,,,,
2023-02-21,22.87,4.67,3.95,-0.72,,,76.28,120.6256,4.72,
2023-02-22,22.29,4.66,3.93,-0.73,,,73.95,120.8389,4.71,
2023-02-23,21.14,4.66,3.88,-0.78,,,75.26,121.0896,4.71,
2023-02-24,21.67,4.78,3.95,-0.83,,,76.19,121.5681,4.72,
2023-02-27,20.95,4.78,3.92,-0.86,,,75.57,121.3941,4.74,
2023-02-28,20.7,4.81,3.92,-0.89,,,76.88,121.3341,4.72,
2023-03-01,20.58,4.89,4.01,-0.88,,,77.57,120.6347,4.73,
2023-03-02,19.59,4.89,4.08,-0.81,,,78.05,121.1302,4.74,
2023-03-03,18.49,4.86,3.97,-0.89,,,79.62,120.7742,4.74,
2023-03-06,18.61,4.89,3.98,-0.91,,,80.39,120.485,4.76,
2023-03-07,19.59,5.0,3.97,-1.03,,,77.45,121.4623,4.87,
2023-03-08,19.11,5.05,3.98,-1.07,,,76.56,121.4511,4.89,
2023-03-09,22.61,4.9,3.93,-0.97,,,75.6,121.4458,4.87,
2023-03-10,24.8,4.6,3.7,-0.9,,,76.55,121.2421,4.83,
2023-03-13,26.52,4.03,3.55,-0.48,,,74.68,120.8897,4.7,
2023-03-14,23.73,4.2,3.64,-0.56,,,71.18,121.0141,4.71,
2023-03-15,26.14,3.93,3.51,-0.42,,,67.38,122.1079,4.59,
2023-03-16,22.99,4.14,3.56,-0.58,,,68.15,121.7221,4.57,
2023-03-17,25.51,3.81,3.39,-0.42,,,66.61,121.5643,4.36,
2023-03-20,24.15,3.92,3.47,-0.45,,,67.56,121.0141,4.65,
2023-03-21,21.38,4.17,3.59,-0.58,,,69.4,120.8958,4.62,
2023-03-22,22.26,3.96,3.48,-0.48,,,70.71,120.6217,4.63,
2023-03-23,22.61,3.76,3.38,-0.38,,,69.77,119.7587,4.57,
2023-03-24,21.74,3.76,3.38,-0.38,,,69.22,120.4598,4.57,
2023-03-27,20.6,3.94,3.53,-0.41,,,72.87,120.2541,4.75,
2023-03-28,19.97,4.02,3.55,-0.47,,,73.12,119.7138,4.64,
2023-03-29,19.12,4.08,3.57,-0.51,,,72.95,119.7258,4.64,
2023-03-30,19.02,4.1,3.55,-0.55,,,74.32,119.4078,4.8,
2023-03-31,18.7,4.06,3.48,-0.58,,,75.68,119.3602,4.68,
2023-04-03,18.55,3.97,3.43,-0.54,,,80.4,119.3204,4.77,
2023-04-04,19.0,3.84,3.35,-0.49,,,80.7,119.142,4.74,
2023-04-05,19.08,3.79,3.3,-0.49,,,80.69,119.2953,4.72,
2023-04-06,18.4,3.82,3.3,-0.52,,,80.7,119.3072,4.77,
2023-04-07,,3.97,3.39,-0.58,,,,119.3547,4.81,
2023-04-10,18.97,4.0,3.41,-0.59,,,79.79,119.7948,4.94,
2023-04-11,19.1,4.03,3.43,-0.6,,,81.54,119.5248,4.89,
2023-04-12,19.09,3.95,3.41,-0.54,,,83.26,119.003,4.87,
2023-04-13,17.8,3.96,3.45,-0.51,,,82.16,118.3915,4.95,
2023-04-14,17.07,4.08,3.52,-0.56,,,82.58,118.8567,4.98,
2023-04-17,16.95,4.18,3.6,-0.58,,,80.93,119.2787,5.06,
2023-04-18,16.83,4.19,3.58,-0.61,,,80.85,119.1049,5.04,
2023-04-19,16.46,4.24,3.6,-0.64,,,79.18,119.303,5.01,
2023-04-20,17.17,4.14,3.54,-0.6,,,77.27,119.1199,4.97,
2023-04-21,16.77,4.17,3.57,-0.6,,,77.86,119.3117,4.98,
2023-04-24,16.89,4.12,3.52,-0.6,,,78.64,119.2039,5.04,
2023-04-25,18.76,3.86,3.4,-0.46,,,77.05,119.613,4.97,
2023-04-26,18.84,3.9,3.43,-0.47,,,74.33,119.3228,5.0,
2023-04-27,17.03,4.07,3.53,-0.54,,,74.77,119.4298,5.03,
2023-04-28,15.78,4.04,3.44,-0.6,,,76.78,119.2248,4.95,
2023-05-01,16.08,4.14,3.59,-0.55,,,75.65,119.4435,5.1,
2023-05-02,17.78,3.97,3.44,-0.53,,,71.71,119.6105,5.08,
2023-05-03,18.34,3.89,3.38,-0.51,,,68.62,119.1233,5.09,
2023-05-04,20.09,3.75,3.37,-0.38,,,68.52,119.0465,5.1,
2023-05-05,17.19,3.92,3.44,-0.48,,,71.32,118.5548,5.1,
2023-05-08,16.98,4.0,3.52,-0.48,,,73.13,118.5759,5.15,
2023-05-09,17.71,4.01,3.53,-0.48,,,73.68,118.8239,5.13,
2023-05-10,16.94,3.9,3.43,-0.47,,,72.53,118.5864,5.08,
2023-05-11,16.93,3.89,3.39,-0.5,,,70.81,119.0303,5.04,
2023-05-12,17.03,3.98,3.46,-0.52,,,70.02,119.3671,5.08,
2023-05-15,17.12,3.99,3.5,-0.49,,,71.07,119.1608,5.06,
2023-05-16,17.99,4.06,3.54,-0.52,,,70.85,119.1743,5.07,
2023-05-17,16.87,4.12,3.57,-0.55,,,72.78,119.607,5.1,
2023-05-18,16.05,4.24,3.65,-0.59,,,71.82,120.0886,5.14,
2023-05-19,16.81,4.28,3.7,-0.58,,,71.57,119.7751,5.12,
2023-05-22,17.21,4.29,3.72,-0.57,,,71.81,120.0875,5.24,
2023-05-23,18.53,4.26,3.7,-0.56,,,72.87,120.3204,5.18,
2023-05-24,20.03,4.31,3.73,-0.58,,,74.37,120.4752,5.21,
2023-05-25,19.14,4.5,3.83,-0.67,,,71.68,120.8413,5.21,
2023-05-26,17.95,4.54,3.8,-0.74,,,72.35,120.6304,5.16,
2023-05-29,17.46,,,,,,,,,
2023-05-30,17.46,4.46,3.69,-0.77,,,69.45,120.5546,5.28,
2023-05-31,17.94,4.4,3.64,-0.76,,,68.11,120.9662,5.26,
2023-06-01,15.65,4.33,3.61,-0.72,,,70.09,120.0491,5.24,
2023-06-02,14.6,4.5,3.69,-0.81,,,71.76,120.0049,5.23,
2023-06-05,14.73,4.46,3.69,-0.77,,,72.14,120.0048,5.2,
2023-06-06,13.96,4.51,3.7,-0.81,,,71.71,119.9718,5.18,
2023-06-07,13.94,4.56,3.79,-0.77,,,72.52,119.859,5.16,
2023-06-08,13.65,4.52,3.73,-0.79,,,71.28,119.5712,5.12,
2023-06-09,13.83,4.59,3.75,-0.84,,,70.16,119.4322,5.11,
2023-06-12,15.01,4.55,3.73,-0.82,,,67.08,119.6376,5.14,
2023-06-13,14.61,4.67,3.84,-0.83,,,69.39,119.1899,5.11,
2023-06-14,13.88,4.74,3.83,-0.91,,,68.22,118.776,5.1,
2023-06-15,14.5,4.62,3.72,-0.9,,,70.61,118.5521,5.07,
2023-06-16,13.54,4.7,3.77,-0.93,,,71.81,118.4184,5.09,
2023-06-19,14.19,,,,,,,,,
2023-06-20,13.88,4.68,3.74,-0.94,,,70.94,118.938,5.14,
2023-06-21,13.2,4.68,3.72,-0.96,,,72.55,118.727,5.15,
2023-06-22,12.91,4.77,3.8,-0.97,,,69.22,118.7552,5.15,
2023-06-23,13.44,4.71,3.74,-0.97,,,68.91,119.152,5.15,
2023-06-26,14.25,4.65,3.72,-0.93,,,69.09,119.0761,5.24,
2023-06-27,13.74,4.74,3.77,-0.97,,,67.68,118.8949,5.19,
2023-06-28,13.43,4.71,3.71,-1.0,,,69.54,119.3382,5.18,
2023-06-29,13.54,4.87,3.85,-1.02,,,69.85,119.527,5.2,
2023-06-30,13.59,4.87,3.81,-1.06,,,70.66,119.3606,5.17,
2023-07-03,13.57,4.94,3.86,-1.08,,,69.71,119.2119,5.21,
2023-07-04,13.7,,,,,,,,,
2023-07-05,14.18,4.94,3.95,-0.99,,,71.78,119.3483,5.21,
2023-07-06,15.44,4.99,4.05,-0.94,,,71.76,119.8193,5.23,
2023-07-07,14.83,4.94,4.06,-0.88,,,73.91,119.0761,5.22,
2023-07-10,15.07,4.85,4.01,-0.84,,,73.05,118.9548,5.25,
2023-07-11,14.84,4.88,3.99,-0.89,,,74.87,118.7344,5.25,
2023-07-12,13.54,4.72,3.86,-0.86,,,75.77,117.6385,5.24,
2023-07-13,13.61,4.59,3.76,-0.83,,,76.86,117.1831,5.24,
2023-07-14,13.34,4.74,3.83,-0.91,,,75.44,117.0463,5.25,
2023-07-17,13.48,4.74,3.81,-0.93,,,74.17,117.1267,5.26,
2023-07-18,13.3,4.74,3.8,-0.94,,,75.76,117.0264,5.25,
2023-07-19,13.76,4.74,3.75,-0.99,,,75.4,117.3462,5.26,
2023-07-20,13.99,4.8,3.85,-0.95,,,75.65,117.5947,5.26,
2023-07-21,13.6,4.82,3.84,-0.98,,,77.06,117.9418,5.27,
2023-07-24,13.91,4.81,3.86,-0.95,,,78.81,117.8124,5.28,
2023-07-25,13.86,4.85,3.91,-0.94,,,79.76,117.8565,5.28,
2023-07-26,13.19,4.82,3.86,-0.96,,,79.11,117.76,5.28,
2023-07-27,14.41,4.91,4.01,-0.9,,,80.17,117.8938,5.28,
2023-07-28,13.33,4.87,3.96,-0.91,,,80.55,117.788,5.28,
2023-07-31,13.63,4.88,3.97,-0.91,,,81.8,117.8241,5.28,
2023-08-01,13.93,4.92,4.05,-0.87,,,81.37,118.5738,5.27,
2023-08-02,16.09,4.88,4.08,-0.8,,,79.5,119.1268,5.27,
2023-08-03,15.92,4.9,4.2,-0.7,,,81.56,119.3963,5.27,
2023-08-04,17.1,4.78,4.05,-0.73,,,82.76,118.821,5.28,
2023-08-07,15.77,4.76,4.09,-0.67,,,81.94,119.0809,5.29,
2023-08-08,15.99,4.74,4.02,-0.72,,,82.94,119.6407,5.3,
2023-08-09,15.96,4.79,4.0,-0.79,,,84.35,119.476,5.28,
2023-08-10,15.85,4.82,4.09,-0.73,,,82.81,119.1581,5.28,
2023-08-11,14.84,4.89,4.16,-0.73,,,83.17,119.6268,5.28,
2023-08-14,14.82,4.96,4.19,-0.77,,,82.5,120.0725,5.29,
2023-08-15,16.46,4.92,4.21,-0.71,,,81.06,120.2127,5.29,
2023-08-16,16.78,4.97,4.28,-0.69,,,79.4,120.3551,5.29,
2023-08-17,17.89,4.94,4.3,-0.64,,,80.43,120.5242,5.29,
2023-08-18,17.3,4.92,4.26,-0.66,,,81.25,120.4321,5.28,
2023-08-21,17.13,4.97,4.34,-0.63,,,80.71,120.4627,5.3,
2023-08-22,16.97,5.02,4.34,-0.68,,,80.25,120.3554,5.3,
2023-08-23,15.98,4.95,4.19,-0.76,,,78.91,120.0307,5.3,
2023-08-24,17.2,4.98,4.23,-0.75,,,79.52,120.2354,5.31,
2023-08-25,15.68,5.03,4.25,-0.78,,,80.47,120.5137,5.34,
2023-08-28,15.08,4.98,4.2,-0.78,,,80.65,120.3155,5.34,
2023-08-29,14.45,4.87,4.12,-0.75,,,81.14,120.2669,5.33,
2023-08-30,13.88,4.9,4.12,-0.78,,,81.64,119.7937,5.32,
2023-08-31,13.57,4.85,4.09,-0.76,,,83.55,120.225,5.32,
2023-09-01,13.09,4.87,4.18,-0.69,,,85.52,120.759,5.3,
2023-09-04,13.82,,,,,,,,,
2023-09-05,14.01,4.94,4.27,-0.67,,,86.74,121.4345,5.32,
2023-09-06,14.45,5.01,4.3,-0.71,,,87.55,121.8671,5.31,
2023-09-07,14.4,4.94,4.27,-0.67,,,86.87,121.9528,5.3,
2023-09-08,13.84,4.98,4.26,-0.72,,,87.51,121.9475,5.31,
2023-09-11,13.8,4.97,4.29,-0.68,,,87.3,121.3386,5.32,
2023-09-12,14.23,4.98,4.27,-0.71,,,88.87,121.2913,5.32,
2023-09-13,13.48,4.96,4.25,-0.71,,,88.59,121.0549,5.31,
2023-09-14,12.82,5.0,4.29,-0.71,,,90.13,121.2395,5.31,
2023-09-15,13.79,5.02,4.33,-0.69,,,90.83,121.199,5.32,
2023-09-18,14.0,5.05,4.32,-0.73,,,91.47,121.1938,5.31,
2023-09-19,14.11,5.08,4.37,-0.71,,,91.16,121.1645,5.31,
2023-09-20,15.14,5.12,4.35,-0.77,,,89.2,120.9648,5.33,
2023-09-21,17.54,5.12,4.49,-0.63,,,89.56,121.5528,5.33,
2023-09-22,17.2,5.1,4.44,-0.66,1.48,0.45,90.0,121.5306,5.32,1.03
2023-09-25,16.9,5.09,4.55,-0.54,1.47,0.45,89.68,122.1143,5.35,1.02
2023-09-26,18.94,5.04,4.56,-0.48,1.48,0.45,91.43,122.4742,5.34,1.03
2023-09-27,18.22,5.1,4.61,-0.49,1.49,0.46,93.67,122.9895,5.34,1.03
2023-09-28,17.34,5.04,4.59,-0.45,1.51,0.47,91.65,122.5342,5.32,1.04
2023-09-29,17.52,5.03,4.59,-0.44,1.51,0.47,90.77,122.3077,5.32,1.04
2023-09-30,,,,,1.53,0.47,,,,1.06
2023-10-02,17.61,5.12,4.69,-0.43,1.54,0.48,88.81,123.0545,5.35,1.06
2023-10-03,19.78,5.15,4.81,-0.34,1.57,0.49,89.26,123.7848,5.35,1.08
2023-10-04,18.58,5.05,4.73,-0.32,1.58,0.49,84.32,123.5946,5.34,1.09
2023-10-05,18.49,5.03,4.72,-0.31,1.59,0.48,82.3,123.8993,5.34,1.11
2023-10-06,17.45,5.08,4.78,-0.3,1.58,0.47,82.83,123.3563,5.36,1.11
2023-10-09,17.7,,,,1.58,0.48,,,,1.1
2023-10-10,17.03,4.96,4.66,-0.3,1.58,0.48,85.89,122.9282,5.34,1.1
2023-10-11,16.09,4.99,4.58,-0.41,1.57,0.46,83.7,122.7697,5.34,1.11
2023-10-12,16.69,5.06,4.7,-0.36,1.56,0.46,82.87,123.2101,5.35,1.1
2023-10-13,19.32,5.04,4.63,-0.41,1.57,0.46,87.67,123.5954,5.35,1.11
2023-10-16,17.21,5.09,4.71,-0.38,1.56,0.46,86.65,123.3185,5.34,1.1
2023-10-17,17.88,5.19,4.83,-0.36,1.56,0.47,86.66,123.1202,5.35,1.09
2023-10-18,19.22,5.19,4.91,-0.28,1.58,0.49,88.35,123.8148,5.34,1.09
2023-10-19,21.4,5.14,4.98,-0.16,1.6,0.49,89.35,123.798,5.33,1.11
2023-10-20,21.71,5.07,4.93,-0.14,1.63,0.5,89.12,123.612,5.31,1.13
2023-10-23,20.37,5.05,4.86,-0.19,1.63,0.5,85.49,123.2846,5.32,1.13
2023-10-24,18.97,5.02,4.83,-0.19,1.6,0.49,84.58,123.6416,5.31,1.11
2023-10-25,20.19,5.08,4.95,-0.13,1.59,0.47,86.07,123.7871,5.32,1.12
2023-10-26,20.68,5.02,4.86,-0.16,1.6,0.48,83.8,124.0064,5.32,1.12
2023-10-27,21.27,4.99,4.84,-0.15,1.61,0.48,86.04,123.62,5.32,1.1300000000000001
2023-10-30,19.75,5.03,4.88,-0.15,1.62,0.49,83.03,123.4076,5.33,1.1300000000000001
2023-10-31,18.14,5.07,4.88,-0.19,1.62,0.49,81.64,123.8364,5.33,1.1300000000000001
2023-11-01,16.87,4.95,4.77,-0.18,1.63,0.49,81.05,123.7922,5.31,1.14
2023-11-02,15.66,4.98,4.67,-0.31,1.59,0.46,83.04,122.8818,5.28,1.1300000000000001
2023-11-03,14.91,4.83,4.57,-0.26,1.58,0.46,81.19,121.7564,5.27,1.12
2023-11-06,14.89,4.93,4.67,-0.26,1.58,0.46,81.54,121.6484,5.29,1.12
2023-11-07,14.81,4.91,4.58,-0.33,1.58,0.46,77.96,122.0777,5.28,1.12
2023-11-08,14.45,4.93,4.49,-0.44,1.58,0.46,75.85,122.0926,5.28,1.12
2023-11-09,15.29,5.03,4.62,-0.41,1.56,0.46,76.34,122.1281,5.27,1.1
2023-11-10,14.17,5.04,4.61,-0.43,1.56,0.45,,,5.26,1.11
2023-11-13,14.76,5.02,4.63,-0.39,1.55,0.44,78.86,122.4264,5.28,1.11
2023-11-14,14.16,4.8,4.44,-0.36,1.52,0.43,78.9,121.35,5.26,1.09
2023-11-15,14.18,4.9,4.53,-0.37,1.51,0.43,77.15,121.0749,5.26,1.08
2023-11-16,14.32,4.83,4.45,-0.38,1.5,0.42,73.5,121.1754,5.25,1.08
2023-11-17,13.8,4.88,4.44,-0.44,1.48,0.41,76.47,120.8477,5.25,1.07
2023-11-20,13.41,4.89,4.42,-0.47,1.46,0.4,78.1,120.2533,5.27,1.06
2023-11-21,13.35,4.86,4.41,-0.45,1.46,0.4,78.35,120.2241,5.26,1.06
2023-11-22,12.85,4.89,4.42,-0.47,1.43,0.38,76.8,120.6802,5.27,1.0499999999999998
2023-11-23,12.8,,,,1.43,0.38,,,,1.0499999999999998
2023-11-24,12.46,4.92,4.47,-0.45,1.42,0.37,74.83,120.2105,5.28,1.0499999999999998
2023-11-27,12.69,4.84,4.39,-0.45,1.41,0.37,74.46,120.173,5.28,1.04
2023-11-28,12.69,4.73,4.34,-0.39,1.41,0.37,76.09,119.5904,5.27,1.04
2023-11-29,12.98,4.64,4.27,-0.37,1.38,0.36,77.56,119.8159,5.25,1.02
2023-11-30,12.92,4.73,4.37,-0.36,1.39,0.35,75.66,120.2434,5.25,1.04
2023-12-01,12.63,4.56,4.22,-0.34,1.39,0.34,73.7,119.9424,5.23,1.0499999999999998
2023-12-04,13.08,4.64,4.28,-0.36,1.38,0.35,72.73,120.4727,5.26,1.0299999999999998
2023-12-05,12.85,4.57,4.18,-0.39,1.39,0.36,71.95,120.7913,5.25,1.0299999999999998
2023-12-06,12.97,4.6,4.12,-0.48,1.4,0.37,68.98,120.5334,5.25,1.0299999999999998
2023-12-07,13.06,4.58,4.14,-0.44,1.39,0.38,69.0,120.6013,5.24,1.0099999999999998
2023-12-08,12.35,4.71,4.23,-0.48,1.38,0.37,70.87,120.7607,5.24,1.0099999999999998
2023-12-11,12.63,4.71,4.23,-0.48,1.38,0.39,70.95,120.9279,5.26,0.9899999999999999
2023-12-12,12.07,4.73,4.2,-0.53,1.36,0.38,68.27,120.6817,5.26,0.9800000000000001
2023-12-13,12.19,4.46,4.04,-0.42,1.35,0.36,69.09,121.1571,5.24,0.9900000000000001
2023-12-14,12.48,4.37,3.92,-0.45,1.31,0.35,71.21,119.5683,5.23,0.9600000000000001
2023-12-15,12.28,4.44,3.91,-0.53,1.31,0.37,71.05,119.7382,5.24,0.9400000000000001
2023-12-18,12.56,4.43,3.95,-0.48,1.31,0.38,72.16,119.9102,5.26,0.93
2023-12-19,12.53,4.41,3.93,-0.48,1.32,0.39,73.23,119.4632,5.23,0.93
2023-12-20,13.67,4.34,3.86,-0.48,1.33,0.4,73.87,119.5435,5.24,0.93
2023-12-21,13.65,4.33,3.89,-0.44,1.33,0.41,73.59,119.3168,5.22,0.9200000000000002
2023-12-22,13.03,4.31,3.9,-0.41,1.33,0.41,73.29,119.0625,5.24,0.9200000000000002
2023-12-25,,,,,,,,,,
2023-12-26,12.99,4.26,3.89,-0.37,1.32,0.41,75.84,118.8875,5.25,0.9100000000000001
2023-12-27,12.43,4.2,3.79,-0.41,1.31,0.4,74.31,118.4729,5.24,0.91
2023-12-28,12.47,4.26,3.84,-0.42,1.29,0.4,72.02,118.4104,5.25,0.89
2023-12-29,12.45,4.23,3.88,-0.35,1.29,0.4,71.89,118.4208,5.2,0.89
2023-12-31,,,,,1.29,0.4,,,,0.89
2024-01-01,,,,,,,,,,
2024-01-02,13.2,4.33,3.95,-0.38,1.31,0.42,70.62,119.2686,5.22,0.8900000000000001
2024-01-03,14.04,4.33,3.91,-0.42,1.34,0.45,72.97,119.6958,5.24,0.8900000000000001
2024-01-04,14.13,4.38,3.99,-0.39,1.34,0.44,72.38,119.6208,5.24,0.9000000000000001
2024-01-05,13.35,4.4,4.05,-0.35,1.33,0.43,74.0,119.388,5.24,0.9000000000000001
2024-01-08,13.08,4.36,4.01,-0.35,1.32,0.43,71.06,119.2506,5.25,0.8900000000000001
2024-01-09,12.76,4.36,4.02,-0.34,1.3,0.41,72.43,119.6666,5.24,0.8900000000000001
2024-01-10,12.69,4.37,4.04,-0.33,1.28,0.39,71.57,119.7614,5.23,0.89
2024-01-11,12.44,4.26,3.98,-0.28,1.27,0.37,72.15,119.8916,5.23,0.9
2024-01-12,12.7,4.14,3.96,-0.18,1.26,0.36,72.94,119.534,5.22,0.9
2024-01-15,13.25,,,,1.26,0.36,,,,0.9
2024-01-16,13.84,4.22,4.07,-0.15,1.26,0.36,72.63,120.5759,5.22,0.9
2024-01-17,14.79,4.34,4.1,-0.24,1.26,0.36,72.79,121.0402,5.24,0.9
2024-01-18,14.13,4.34,4.14,-0.2,1.24,0.35,74.32,120.8895,5.22,0.89
2024-01-19,13.3,4.39,4.15,-0.24,1.24,0.35,73.69,120.6442,5.22,0.89
2024-01-22,13.19,4.37,4.11,-0.26,1.24,0.36,75.26,120.6178,5.22,0.88
2024-01-23,12.55,4.31,4.14,-0.17,1.24,0.36,74.72,121.1001,5.21,0.88
2024-01-24,13.14,4.34,4.18,-0.16,1.23,0.34,75.48,120.4916,5.21,0.8899999999999999
2024-01-25,13.45,4.28,4.14,-0.14,1.22,0.34,77.91,120.8311,5.21,0.8799999999999999
2024-01-26,13.26,4.34,4.15,-0.19,1.21,0.33,78.45,120.6173,5.21,0.8799999999999999
2024-01-29,13.6,4.29,4.08,-0.21,1.22,0.35,77.25,120.8538,5.22,0.87
2024-01-30,13.31,4.36,4.06,-0.3,1.23,0.37,78.3,120.6025,5.21,0.86
2024-01-31,14.35,4.27,3.99,-0.28,1.26,0.4,76.28,120.4331,5.22,0.86
2024-02-01,13.88,4.2,3.87,-0.33,1.28,0.41,74.36,120.3335,5.22,0.8700000000000001
2024-02-02,13.85,4.36,4.03,-0.33,1.25,0.4,72.72,120.902,5.23,0.85
2024-02-05,13.67,4.46,4.17,-0.29,1.24,0.39,73.21,121.349,5.22,0.85
2024-02-06,13.06,4.39,4.09,-0.3,1.24,0.38,73.83,120.9588,5.23,0.86
2024-02-07,12.83,4.41,4.09,-0.32,1.24,0.38,74.26,120.9049,5.23,0.86
2024-02-08,12.79,4.46,4.15,-0.31,1.23,0.37,76.67,121.0798,5.23,0.86
2024-02-09,12.93,4.48,4.17,-0.31,1.24,0.38,77.26,121.039,5.24,0.86
2024-02-12,13.93,4.46,4.17,-0.29,1.24,0.39,77.34,120.9378,5.23,0.85
2024-02-13,15.85,4.64,4.31,-0.33,1.22,0.39,78.28,121.5202,5.25,0.83
2024-02-14,14.38,4.56,4.27,-0.29,1.22,0.38,77.09,121.4002,5.23,0.84
2024-02-15,14.01,4.56,4.24,-0.32,1.2,0.37,78.47,121.2121,5.23,0.83
2024-02-16,14.24,4.64,4.3,-0.34,1.19,0.37,79.65,121.1505,5.24,0.82
2024-02-19,14.71,,,,1.2,0.37,,,,0.83
2024-02-20,15.42,4.59,4.27,-0.32,1.19,0.37,78.72,121.0199,5.24,0.82
2024-02-21,15.34,4.64,4.32,-0.32,1.18,0.36,78.89,121.0379,5.24,0.82
2024-02-22,14.54,4.69,4.33,-0.36,1.16,0.35,79.64,121.102,5.25,0.8099999999999999
2024-02-23,13.75,4.67,4.26,-0.41,1.18,0.38,77.6,121.0369,5.26,0.7999999999999999
2024-02-26,13.74,4.69,4.28,-0.41,1.2,0.39,78.53,121.0592,5.26,0.8099999999999999
2024-02-27,13.43,4.7,4.31,-0.39,1.2,0.39,79.8,120.9647,5.25,0.8099999999999999
2024-02-28,13.84,4.64,4.27,-0.37,1.22,0.4,79.44,121.128,5.24,0.82
2024-02-29,13.4,4.64,4.25,-0.39,1.24,0.42,79.22,121.1824,5.25,0.8200000000000001
2024-03-01,13.11,4.54,4.19,-0.35,1.25,0.42,80.9,121.0111,5.23,0.8300000000000001
2024-03-04,13.49,4.61,4.22,-0.39,1.24,0.41,79.67,120.872,5.24,0.8300000000000001
2024-03-05,14.46,4.54,4.13,-0.41,1.25,0.42,79.11,120.8846,5.23,0.8300000000000001
2024-03-06,14.5,4.55,4.11,-0.44,1.25,0.41,80.08,120.4649,5.24,0.8400000000000001
2024-03-07,14.44,4.5,4.09,-0.41,1.24,0.41,79.81,120.1909,5.24,0.8300000000000001
2024-03-08,14.74,4.48,4.09,-0.39,1.23,0.4,78.96,119.975,5.24,0.83
2024-03-11,15.22,4.51,4.1,-0.41,1.23,0.4,78.87,120.0394,5.24,0.83
2024-03-12,13.84,4.58,4.16,-0.42,1.21,0.39,78.51,120.1668,5.25,0.82
2024-03-13,13.75,4.61,4.19,-0.42,1.19,0.36,80.67,119.9642,5.25,0.83
2024-03-14,14.4,4.68,4.29,-0.39,1.17,0.36,82.16,120.241,5.25,0.8099999999999999
2024-03-15,14.41,4.72,4.31,-0.41,1.17,0.35,81.94,120.4003,5.25,0.82
2024-03-18,14.33,4.73,4.34,-0.39,1.15,0.34,83.68,120.5752,5.25,0.8099999999999998
2024-03-19,13.82,4.68,4.3,-0.38,1.15,0.35,84.39,120.9332,5.24,0.7999999999999999
2024-03-20,13.04,4.59,4.27,-0.32,1.16,0.36,82.79,120.9289,5.24,0.7999999999999999
2024-03-21,12.92,4.62,4.27,-0.35,1.14,0.36,81.99,120.8086,5.25,0.7799999999999999
2024-03-22,13.06,4.59,4.22,-0.37,1.15,0.36,81.1,121.1842,5.24,0.7899999999999999
2024-03-25,13.19,4.54,4.25,-0.29,1.15,0.37,82.41,121.0295,5.23,0.7799999999999999
2024-03-26,13.24,4.56,4.24,-0.32,1.16,0.38,82.41,121.0742,5.22,0.7799999999999999
2024-03-27,12.78,4.54,4.2,-0.34,1.16,0.38,82.15,121.0089,5.22,0.7799999999999999
2024-03-28,13.01,4.59,4.2,-0.39,1.15,0.37,83.96,121.0635,5.23,0.7799999999999999
2024-03-29,,,,,,,,121.0191,,
2024-03-31,,,,,1.17,0.38,,,,0.7899999999999999
2024-04-01,13.65,4.72,4.33,-0.39,1.16,0.37,84.54,121.5151,5.23,0.7899999999999999
2024-04-02,14.61,4.7,4.36,-0.34,1.16,0.36,85.95,121.3035,5.22,0.7999999999999999
2024-04-03,14.33,4.68,4.36,-0.32,1.14,0.36,86.22,121.0198,5.22,0.7799999999999999
2024-04-04,16.35,4.65,4.31,-0.34,1.15,0.36,87.37,120.7613,5.21,0.7899999999999999
2024-04-05,16.03,4.73,4.39,-0.34,1.14,0.36,87.69,120.9646,5.23,0.7799999999999999
2024-04-08,15.19,4.78,4.42,-0.36,1.13,0.36,87.24,120.7359,5.23,0.7699999999999999
2024-04-09,14.98,4.74,4.36,-0.38,1.13,0.36,86.04,120.7048,5.23,0.7699999999999999
2024-04-10,15.8,4.97,4.55,-0.42,1.11,0.36,86.98,121.5727,5.25,0.7500000000000001
2024-04-11,14.91,4.93,4.56,-0.37,1.11,0.35,85.79,121.6081,5.25,0.7600000000000001
2024-04-12,17.31,4.88,4.5,-0.38,1.13,0.37,86.46,122.2885,5.25,0.7599999999999999
2024-04-15,19.23,4.93,4.63,-0.3,1.15,0.37,86.21,122.425,5.25,0.7799999999999999
2024-04-16,18.4,4.97,4.67,-0.3,1.17,0.38,86.15,123.1234,5.25,0.7899999999999999
2024-04-17,18.21,4.93,4.59,-0.34,1.17,0.38,83.58,123.0207,5.25,0.7899999999999999
2024-04-18,18.0,4.98,4.64,-0.34,1.17,0.38,83.5,123.0017,5.25,0.7899999999999999
2024-04-19,18.71,4.97,4.62,-0.35,1.17,0.38,83.79,123.1075,5.25,0.7899999999999999
2024-04-22,16.94,4.97,4.62,-0.35,1.16,0.37,83.82,123.0609,5.22,0.7899999999999999
2024-04-23,15.69,4.86,4.61,-0.25,1.14,0.36,84.17,122.7227,5.25,0.7799999999999999
2024-04-24,15.97,4.89,4.65,-0.24,1.14,0.36,84.09,122.89,5.26,0.7799999999999999
2024-04-25,15.37,4.96,4.7,-0.26,1.14,0.37,84.92,122.8384,5.26,0.7699999999999999
2024-04-26,15.03,4.96,4.67,-0.29,1.13,0.36,85.38,122.9471,5.25,0.7699999999999999
2024-04-29,14.67,4.97,4.63,-0.34,1.12,0.36,84.26,122.5449,5.25,0.7600000000000001
2024-04-30,15.65,5.04,4.69,-0.35,1.14,0.36,83.49,122.9853,5.25,0.7799999999999999
2024-05-01,15.39,4.96,4.63,-0.33,1.14,0.35,80.7,123.0168,5.26,0.7899999999999999
2024-05-02,14.68,4.87,4.58,-0.29,1.13,0.35,80.59,122.4384,5.25,0.7799999999999999
2024-05-03,13.49,4.81,4.5,-0.31,1.11,0.34,79.65,122.1375,5.25,0.77
2024-05-06,13.49,4.82,4.49,-0.33,1.1,0.34,80.1,121.8913,5.25,0.76
2024-05-07,13.23,4.82,4.47,-0.35,1.1,0.35,79.97,122.093,5.25,0.7500000000000001
2024-05-08,13.0,4.84,4.48,-0.36,1.11,0.35,80.57,122.1926,5.25,0.7600000000000001
2024-05-09,12.69,4.8,4.45,-0.35,1.11,0.35,80.86,122.1634,5.25,0.7600000000000001
2024-05-10,12.55,4.87,4.5,-0.37,1.12,0.36,79.81,122.014,5.26,0.7600000000000001
2024-05-13,13.6,4.85,4.48,-0.37,1.12,0.37,80.71,122.0261,5.25,0.7500000000000001
2024-05-14,13.42,4.81,4.45,-0.36,1.12,0.37,79.62,121.9256,5.24,0.7500000000000001
2024-05-15,12.45,4.73,4.36,-0.37,1.12,0.37,80.23,121.3543,5.25,0.7500000000000001
2024-05-16,12.42,4.78,4.38,-0.4,1.11,0.37,80.85,121.2236,5.25,0.7400000000000001
2024-05-17,11.99,4.83,4.42,-0.41,1.11,0.36,81.66,121.2354,5.25,0.7500000000000001
2024-05-20,12.15,4.82,4.44,-0.38,1.1,0.36,81.39,121.2289,5.25,0.7400000000000001
2024-05-21,11.86,4.82,4.41,-0.41,1.1,0.37,80.66,121.3793,5.25,0.7300000000000001
2024-05-22,12.29,4.86,4.43,-0.43,1.11,0.38,79.15,121.5462,5.25,0.7300000000000001
2024-05-23,12.77,4.91,4.47,-0.44,1.1,0.37,77.47,121.7477,5.26,0.7300000000000001
2024-05-24,11.93,4.93,4.46,-0.47,1.1,0.38,78.48,121.6172,5.26,0.7200000000000001
2024-05-27,12.36,,,,1.1,0.38,,,,0.7200000000000001
2024-05-28,12.92,4.94,4.54,-0.4,1.09,0.37,80.9,121.43,5.26,0.7200000000000001
2024-05-29,14.28,4.96,4.61,-0.35,1.09,0.37,80.24,122.1641,5.26,0.7200000000000001
2024-05-30,14.47,4.92,4.55,-0.37,1.09,0.37,78.96,121.9601,5.26,0.7200000000000001
2024-05-31,12.92,4.89,4.51,-0.38,1.1,0.37,77.97,122.098,5.25,0.7300000000000001
2024-06-03,13.11,4.82,4.41,-0.41,1.1,0.37,75.26,122.3509,5.26,0.7300000000000001
2024-06-04,13.16,4.77,4.33,-0.44,1.11,0.38,74.27,122.7256,5.25,0.7300000000000001
2024-06-05,12.63,4.72,4.29,-0.43,1.13,0.39,75.08,122.5339,5.25,0.7399999999999999
2024-06-06,12.58,4.72,4.28,-0.44,1.13,0.39,76.52,122.3713,5.25,0.7399999999999999
2024-06-07,12.22,4.87,4.43,-0.44,1.12,0.38,76.53,123.549,5.26,0.7400000000000001
2024-06-10,12.74,4.87,4.47,-0.4,1.12,0.38,78.75,123.9125,5.25,0.7400000000000001
2024-06-11,12.85,4.81,4.39,-0.42,1.12,0.38,78.88,124.0349,5.25,0.7400000000000001
2024-06-12,12.04,4.75,4.31,-0.44,1.12,0.38,79.56,123.8295,5.25,0.7400000000000001
2024-06-13,11.94,4.68,4.24,-0.44,1.14,0.39,79.61,124.0235,5.25,0.7499999999999999
2024-06-14,12.66,4.67,4.2,-0.47,1.17,0.41,79.41,124.1694,5.25,0.76
2024-06-17,12.75,4.75,4.28,-0.47,1.17,0.42,81.33,124.239,5.25,0.75
2024-06-18,12.3,4.69,4.22,-0.47,1.17,0.42,82.67,123.9776,5.24,0.75
2024-06-19,12.48,,,,1.18,0.42,,,,0.76
2024-06-20,13.28,4.7,4.25,-0.45,1.18,0.43,83.34,124.192,5.24,0.75
2024-06-21,13.2,4.7,4.25,-0.45,1.18,0.43,81.71,124.1086,5.23,0.75
2024-06-24,13.33,4.71,4.25,-0.46,1.18,0.42,82.63,123.7125,5.24,0.76
2024-06-25,12.84,4.65,4.23,-0.42,1.18,0.43,81.97,123.9417,5.23,0.75
2024-06-26,12.55,4.71,4.32,-0.39,1.18,0.43,82.19,124.26,5.24,0.75
2024-06-27,12.24,4.7,4.29,-0.41,1.18,0.42,83.04,124.3379,5.23,0.76
2024-06-28,12.44,4.71,4.36,-0.35,1.17,0.41,82.83,124.2103,5.22,0.76
2024-06-30,,,,,1.19,0.41,,,,0.78
2024-07-01,12.22,4.77,4.48,-0.29,1.16,0.38,84.7,124.4667,5.24,0.7799999999999999
2024-07-02,12.03,4.74,4.43,-0.31,1.15,0.37,84.09,124.2917,5.24,0.7799999999999999
2024-07-03,12.09,4.71,4.36,-0.35,1.15,0.38,85.19,123.7768,5.24,0.7699999999999999
2024-07-04,12.26,,,,1.15,0.38,,,,0.7699999999999999
2024-07-05,12.48,4.6,4.28,-0.32,1.15,0.37,84.44,123.4762,5.23,0.7799999999999999
2024-07-08,12.37,4.62,4.28,-0.34,1.14,0.37,83.63,123.3576,5.23,0.7699999999999999
2024-07-09,12.51,4.62,4.3,-0.32,1.14,0.37,82.78,123.4071,5.23,0.7699999999999999
2024-07-10,12.85,4.62,4.28,-0.34,1.14,0.37,83.39,123.1895,5.23,0.7699999999999999
2024-07-11,12.92,4.5,4.2,-0.3,1.15,0.38,83.92,122.769,5.21,0.7699999999999999
2024-07-12,12.46,4.45,4.18,-0.27,1.14,0.37,83.49,122.4404,5.21,0.7699999999999999
2024-07-15,13.12,4.44,4.23,-0.21,1.14,0.37,83.22,122.6347,5.2,0.7699999999999999
2024-07-16,13.19,4.43,4.17,-0.26,1.14,0.38,81.92,122.7264,5.2,0.7599999999999999
2024-07-17,14.48,4.42,4.16,-0.26,1.15,0.39,84.16,122.518,5.2,0.7599999999999999
2024-07-18,15.93,4.46,4.2,-0.26,1.15,0.39,84.17,122.7909,5.21,0.7599999999999999
2024-07-19,16.52,4.49,4.25,-0.24,1.15,0.38,81.43,123.147,5.2,0.7699999999999999
2024-07-22,14.91,4.5,4.26,-0.24,1.15,0.38,81.25,123.2172,5.19,0.7699999999999999
2024-07-23,14.72,4.4,4.25,-0.15,1.15,0.39,78.24,123.3843,5.18,0.7599999999999999
2024-07-24,18.04,4.37,4.28,-0.09,1.18,0.4,78.78,123.5575,5.18,0.7799999999999999
2024-07-25,18.46,4.41,4.27,-0.14,1.17,0.4,79.43,123.5286,5.17,0.7699999999999999
2024-07-26,16.39,4.36,4.2,-0.16,1.17,0.39,78.58,123.672,5.16,0.7799999999999999
2024-07-29,16.6,4.36,4.17,-0.19,1.17,0.4,77.27,124.1392,5.15,0.7699999999999999
2024-07-30,17.69,4.35,4.15,-0.2,1.18,0.41,76.17,124.2855,5.14,0.77
2024-07-31,16.36,4.29,4.09,-0.2,1.2,0.4,79.36,123.6373,5.15,0.7999999999999999
2024-08-01,18.59,4.16,3.99,-0.17,1.23,0.43,77.74,123.8693,5.12,0.8
2024-08-02,23.39,3.88,3.8,-0.08,1.3,0.47,74.99,123.4681,5.05,0.8300000000000001
2024-08-05,38.57,3.89,3.78,-0.11,1.37,0.53,74.46,123.5787,5.09,0.8400000000000001
2024-08-06,27.71,3.99,3.9,-0.09,1.32,0.49,74.6,123.6532,5.09,0.8300000000000001
2024-08-07,27.85,4.0,3.96,-0.04,1.31,0.47,76.68,123.5698,5.09,0.8400000000000001
2024-08-08,23.79,4.04,3.99,-0.05,1.29,0.46,77.64,123.4466,5.09,0.8300000000000001
2024-08-09,20.37,4.05,3.94,-0.11,1.28,0.45,78.28,122.9276,5.09,0.8300000000000001
2024-08-12,20.71,4.01,3.9,-0.11,1.29,0.46,81.45,123.2204,5.07,0.8300000000000001
2024-08-13,18.12,3.93,3.85,-0.08,1.28,0.45,79.81,123.0146,5.06,0.8300000000000001
2024-08-14,16.19,3.94,3.83,-0.11,1.26,0.44,78.47,122.4297,5.07,0.8200000000000001
2024-08-15,15.23,4.08,3.92,-0.16,1.22,0.4,79.66,122.5844,5.09,0.82
2024-08-16,14.8,4.06,3.89,-0.17,1.21,0.4,78.05,122.3972,5.08,0.8099999999999999
2024-08-19,14.65,4.06,3.86,-0.2,1.21,0.4,75.82,121.8788,5.06,0.8099999999999999
2024-08-20,15.88,3.99,3.82,-0.17,1.22,0.4,75.27,121.7728,5.04,0.82
2024-08-21,16.27,3.92,3.79,-0.13,1.22,0.4,72.76,121.8535,5.02,0.82
2024-08-22,17.55,3.99,3.86,-0.13,1.21,0.39,73.72,122.3626,5.04,0.82
2024-08-23,15.86,3.9,3.81,-0.09,1.2,0.38,75.82,121.4597,5.01,0.82
2024-08-26,16.15,3.91,3.82,-0.09,1.19,0.38,78.4,121.6943,4.98,0.8099999999999999
2024-08-27,15.43,3.83,3.83,0.0,1.19,0.37,76.5,121.8672,4.98,0.82
2024-08-28,17.11,3.83,3.84,0.01,1.19,0.38,75.49,121.8943,4.96,0.8099999999999999
2024-08-29,15.65,3.87,3.87,0.0,1.19,0.38,76.9,122.2333,4.98,0.8099999999999999
2024-08-30,15.0,3.91,3.91,0.0,1.18,0.37,74.52,122.3262,4.98,0.8099999999999999
2024-08-31,,,,,1.19,0.38,,,,0.8099999999999999
2024-09-02,15.55,,,,1.19,0.38,,,,0.8099999999999999
2024-09-03,20.72,3.88,3.84,-0.04,1.22,0.39,71.28,122.7811,4.97,0.83
2024-09-04,21.32,3.76,3.77,0.01,1.23,0.4,70.11,122.5144,4.96,0.83
2024-09-05,19.9,3.75,3.73,-0.02,1.23,0.4,70.09,122.4533,4.94,0.83
2024-09-06,22.38,3.66,3.72,0.06,1.24,0.4,68.58,122.4991,4.93,0.84
2024-09-09,19.45,3.68,3.7,0.02,1.23,0.4,69.65,122.7156,4.89,0.83
2024-09-10,19.08,3.59,3.65,0.06,1.25,0.41,66.73,123.0071,4.85,0.8400000000000001
2024-09-11,17.69,3.62,3.65,0.03,1.25,0.41,68.25,122.7754,4.89,0.8400000000000001
2024-09-12,17.07,3.64,3.68,0.04,1.24,0.4,69.89,122.4423,4.85,0.84
2024-09-13,16.56,3.57,3.66,0.09,1.23,0.38,69.59,121.6551,4.78,0.85
2024-09-16,17.14,3.56,3.63,0.07,1.22,0.38,71.1,121.4976,4.75,0.84
2024-09-17,17.61,3.59,3.65,0.06,1.2,0.37,72.16,121.6031,4.75,0.83
2024-09-18,18.23,3.61,3.7,0.09,1.19,0.36,71.87,121.5618,4.65,0.83
2024-09-19,16.33,3.59,3.73,0.14,1.16,0.34,72.86,121.3059,4.61,0.8199999999999998
2024-09-20,16.15,3.55,3.73,0.18,1.17,0.34,72.72,121.4052,4.56,0.8299999999999998
2024-09-23,15.89,3.57,3.75,0.18,1.16,0.34,71.33,121.4303,4.53,0.8199999999999998
2024-09-24,15.39,3.49,3.74,0.25,1.15,0.33,72.34,121.1291,4.5,0.8199999999999998
2024-09-25,15.41,3.53,3.79,0.26,1.15,0.34,70.42,121.4447,4.51,0.8099999999999998
2024-09-26,15.37,3.6,3.79,0.19,1.15,0.35,68.28,121.0785,4.5,0.7999999999999999
2024-09-27,16.96,3.55,3.75,0.2,1.15,0.34,68.72,121.1111,4.5,0.8099999999999998
2024-09-30,16.73,3.66,3.81,0.15,1.16,0.34,68.75,121.2864,4.52,0.8199999999999998
2024-10-01,19.26,3.61,3.74,0.13,1.16,0.35,70.41,121.6881,4.5,0.8099999999999999
2024-10-02,18.9,3.63,3.79,0.16,1.15,0.34,70.74,121.5724,4.48,0.8099999999999998
2024-10-03,20.49,3.7,3.85,0.15,1.13,0.33,74.33,122.1197,4.48,0.7999999999999998
2024-10-04,19.21,3.93,3.98,0.05,1.1,0.31,74.93,122.2197,4.53,0.79
2024-10-07,22.64,3.99,4.03,0.04,1.09,0.32,77.76,122.4241,4.55,0.77
2024-10-08,21.42,3.98,4.04,0.06,1.09,0.32,74.26,122.6625,4.53,0.77
2024-10-09,20.86,3.99,4.06,0.07,1.08,0.32,73.85,122.8821,4.54,0.76
2024-10-10,20.93,3.98,4.09,0.11,1.07,0.31,76.46,123.0951,4.54,0.76
2024-10-11,20.46,3.95,4.08,0.13,1.06,0.3,76.11,122.9805,4.53,0.76
2024-10-14,19.7,,,,1.06,0.3,,,,0.76
2024-10-15,20.64,3.95,4.03,0.08,1.05,0.31,71.22,123.5124,4.52,0.74
2024-10-16,19.58,3.93,4.02,0.09,1.05,0.3,70.97,123.9235,4.51,0.75
2024-10-17,19.11,3.96,4.09,0.13,1.04,0.3,71.26,124.1122,4.54,0.74
2024-10-18,18.03,3.95,4.08,0.13,1.05,0.3,69.78,123.9185,4.53,0.75
2024-10-21,18.37,4.02,4.19,0.17,1.07,0.32,71.16,124.4757,4.51,0.75
2024-10-22,18.2,4.03,4.2,0.17,1.07,0.33,72.84,124.4107,4.51,0.74
2024-10-23,19.24,4.07,4.24,0.17,1.08,0.33,71.37,124.6931,4.52,0.75
2024-10-24,19.08,4.07,4.21,0.14,1.08,0.34,70.58,124.5127,4.5,0.74
2024-10-25,20.33,4.11,4.25,0.14,1.07,0.33,72.02,124.6105,4.52,0.74
2024-10-28,19.8,4.12,4.28,0.16,1.06,0.32,67.65,124.8076,4.49,0.74
2024-10-29,19.34,4.11,4.28,0.17,1.06,0.32,67.48,124.8612,4.49,0.74
2024-10-30,20.35,4.15,4.29,0.14,1.06,0.33,68.91,124.8153,4.47,0.73
2024-10-31,23.16,4.16,4.28,0.12,1.08,0.35,69.58,124.7988,4.44,0.7300000000000001
2024-11-01,21.88,4.21,4.37,0.16,1.07,0.35,69.81,124.8076,4.41,0.7200000000000001
2024-11-04,21.98,4.17,4.31,0.14,1.07,0.34,71.83,124.5903,4.44,0.73
2024-11-05,20.49,4.19,4.26,0.07,1.06,0.34,72.26,124.5532,4.43,0.72
2024-11-06,16.27,4.27,4.42,0.15,1.01,0.31,71.98,125.7035,4.44,0.7
2024-11-07,15.2,4.21,4.31,0.1,0.99,0.29,72.69,124.775,4.43,0.7
2024-11-08,14.94,4.26,4.3,0.04,0.98,0.3,70.69,125.5811,4.43,0.6799999999999999
2024-11-11,14.97,,,,0.98,0.3,,,,0.6799999999999999
2024-11-12,14.71,4.34,4.43,0.09,0.97,0.3,68.43,126.7762,4.43,0.6699999999999999
2024-11-13,14.02,4.27,4.44,0.17,0.99,0.31,68.76,126.9572,4.4,0.6799999999999999
2024-11-14,14.31,4.34,4.43,0.09,1.0,0.33,68.99,127.0015,4.41,0.6699999999999999
2024-11-15,16.14,4.31,4.43,0.12,1.01,0.32,67.33,126.8848,4.41,0.69
2024-11-18,15.58,4.29,4.42,0.13,1.0,0.31,69.46,126.6045,4.42,0.69
2024-11-19,16.35,4.27,4.39,0.12,1.0,0.32,69.75,126.3994,4.41,0.6799999999999999
2024-11-20,17.16,4.31,4.41,0.1,1.01,0.33,69.25,126.88,4.42,0.6799999999999999
2024-11-21,16.87,4.34,4.43,0.09,1.01,0.32,70.39,127.1047,4.43,0.69
2024-11-22,15.24,4.37,4.41,0.04,1.0,0.33,71.68,127.4712,4.43,0.6699999999999999
2024-11-25,14.6,4.21,4.27,0.06,1.0,0.33,69.41,126.9948,4.42,0.6699999999999999
2024-11-26,14.1,4.21,4.3,0.09,1.01,0.34,69.05,127.4301,4.4,0.6699999999999999
2024-11-27,14.1,4.19,4.25,0.06,1.02,0.35,69.03,126.8205,4.4,0.67
2024-11-28,13.9,,,,1.02,0.35,,,,0.67
2024-11-29,13.51,4.13,4.18,0.05,1.02,0.34,68.26,126.5798,4.39,0.6799999999999999
2024-11-30,,,,,1.03,0.35,,,,0.68
2024-12-02,13.34,4.17,4.19,0.02,1.01,0.34,68.35,127.1272,4.38,0.6699999999999999
2024-12-03,13.3,4.17,4.23,0.06,1.0,0.34,70.15,126.9565,4.36,0.6599999999999999
2024-12-04,13.45,4.13,4.19,0.06,1.01,0.33,68.81,126.7574,4.35,0.6799999999999999
2024-12-05,13.54,4.15,4.17,0.02,1.01,0.33,68.58,126.4286,4.34,0.6799999999999999
2024-12-06,12.77,4.1,4.15,0.05,1.02,0.34,68.58,126.688,4.31,0.6799999999999999
2024-12-09,14.19,4.13,4.2,0.07,1.01,0.34,68.65,126.5981,4.3,0.6699999999999999
2024-12-10,14.18,4.15,4.22,0.07,1.0,0.33,68.85,126.957,4.29,0.6699999999999999
2024-12-11,13.58,4.15,4.26,0.11,0.98,0.32,70.57,126.8483,4.26,0.6599999999999999
2024-12-12,13.92,4.18,4.32,0.14,0.99,0.33,70.25,126.9556,4.23,0.6599999999999999
2024-12-13,13.81,4.25,4.4,0.15,0.98,0.32,71.54,127.3096,4.23,0.6599999999999999
2024-12-16,14.69,4.25,4.39,0.14,0.98,0.32,71.03,127.2687,4.25,0.6599999999999999
2024-12-17,15.87,4.25,4.4,0.15,0.99,0.33,70.31,127.5043,4.26,0.6599999999999999
2024-12-18,27.62,4.35,4.5,0.15,0.98,0.33,70.8,127.6418,4.25,0.6499999999999999
2024-12-19,24.09,4.32,4.57,0.25,1.02,0.35,70.1,128.6366,4.23,0.67
2024-12-20,18.36,4.3,4.52,0.22,1.02,0.35,69.71,127.893,4.23,0.67
2024-12-23,16.78,4.3,4.59,0.29,1.02,0.34,69.5,128.3021,4.24,0.6799999999999999
2024-12-24,14.27,4.29,4.59,0.3,1.01,0.34,70.87,128.3377,4.28,0.6699999999999999
2024-12-25,,,,,,,,,,
2024-12-26,14.73,4.3,4.58,0.28,1.0,0.33,70.38,128.3329,4.24,0.6699999999999999
2024-12-27,15.95,4.31,4.62,0.31,1.0,0.33,71.28,128.45,4.19,0.6699999999999999
2024-12-30,17.4,4.24,4.55,0.31,1.01,0.34,71.73,128.8205,4.23,0.6699999999999999
2024-12-31,17.35,4.25,4.58,0.33,1.02,0.34,72.44,129.2775,4.23,0.6799999999999999
2025-01-01,,,,,,,,,,
2025-01-02,17.93,4.25,4.57,0.32,1.02,0.34,73.79,129.4598,4.22,0.6799999999999999
2025-01-03,16.13,4.28,4.6,0.32,1.02,0.34,74.64,129.4535,4.2,0.6799999999999999
2025-01-06,16.04,4.28,4.62,0.34,1.03,0.34,74.31,128.538,4.21,0.69
2025-01-07,17.82,4.3,4.67,0.37,1.04,0.34,74.99,128.613,4.21,0.7
2025-01-08,17.7,4.28,4.67,0.39,1.03,0.34,73.99,129.0785,4.21,0.69
2025-01-09,18.07,4.27,4.68,0.41,1.03,0.33,,129.2827,4.21,0.7
2025-01-10,19.54,4.4,4.77,0.37,1.03,0.34,77.27,129.8664,4.22,0.69
2025-01-13,19.19,4.4,4.79,0.39,1.04,0.34,79.57,130.0413,4.23,0.7
2025-01-14,18.71,4.37,4.78,0.41,1.04,0.34,78.2,129.3812,4.22,0.7
2025-01-15,16.12,4.27,4.66,0.39,1.03,0.33,80.73,129.2092,4.21,0.7
2025-01-16,16.6,4.23,4.61,0.38,1.03,0.33,79.35,129.436,4.21,0.7
2025-01-17,15.97,4.27,4.61,0.34,1.02,0.33,78.56,129.4859,4.2,0.69
2025-01-20,15.81,,,,1.02,0.33,,,,0.69
2025-01-21,15.06,4.29,4.57,0.28,1.02,0.33,76.79,128.4151,4.22,0.69
2025-01-22,15.1,4.29,4.6,0.31,1.01,0.33,76.12,128.3402,4.22,0.6799999999999999
2025-01-23,15.02,4.29,4.65,0.36,1.0,0.32,75.03,128.2162,4.22,0.6799999999999999
2025-01-24,14.85,4.27,4.63,0.36,1.0,0.32,74.97,127.4611,4.21,0.6799999999999999
2025-01-27,17.9,4.17,4.53,0.36,1.01,0.33,73.51,128.0912,4.2,0.6799999999999999
2025-01-28,16.41,4.19,4.55,0.36,1.0,0.33,74.15,128.2817,4.2,0.6699999999999999
2025-01-29,16.56,4.21,4.55,0.34,1.01,0.33,72.94,128.3418,4.2,0.6799999999999999
2025-01-30,15.84,4.18,4.52,0.34,1.01,0.34,73.1,128.1004,4.19,0.6699999999999999
2025-01-31,16.43,4.22,4.58,0.36,1.02,0.35,72.84,128.4828,4.2,0.67
2025-02-03,18.62,4.26,4.54,0.28,1.03,0.36,73.52,129.109,4.22,0.67
2025-02-04,17.21,4.21,4.52,0.31,1.03,0.36,73.04,128.1083,4.22,0.67
2025-02-05,15.77,4.17,4.43,0.26,1.03,0.36,71.39,127.9751,4.22,0.67
2025-02-06,15.5,4.21,4.45,0.24,1.04,0.37,70.97,128.2017,4.22,0.67
2025-02-07,16.54,4.29,4.49,0.2,1.04,0.37,71.32,128.4292,4.24,0.67
2025-02-10,15.81,4.28,4.51,0.23,1.04,0.37,72.73,128.6382,4.23,0.67
2025-02-11,16.02,4.29,4.54,0.25,1.03,0.36,73.67,128.4322,4.23,0.67
2025-02-12,15.89,4.36,4.62,0.26,1.01,0.35,71.72,128.3288,4.23,0.66
2025-02-13,15.1,4.31,4.52,0.21,1.0,0.34,71.66,127.8931,4.22,0.6599999999999999
2025-02-14,14.77,4.26,4.47,0.21,1.0,0.34,71.05,127.1491,4.22,0.6599999999999999
2025-02-17,15.37,,,,1.0,0.34,,,,0.6599999999999999
2025-02-18,15.35,4.29,4.55,0.26,0.98,0.33,72.21,127.2906,4.23,0.6499999999999999
2025-02-19,15.27,4.28,4.53,0.25,0.99,0.33,72.58,127.7317,4.22,0.6599999999999999
2025-02-20,15.66,4.28,4.5,0.22,0.99,0.34,72.88,127.1126,4.21,0.6499999999999999
2025-02-21,18.21,4.19,4.42,0.23,1.01,0.35,70.72,127.1408,4.21,0.66
2025-02-24,18.98,4.13,4.4,0.27,1.01,0.35,71.06,127.1921,4.19,0.66
2025-02-25,19.43,4.07,4.3,0.23,1.03,0.37,69.15,127.3752,4.19,0.66
2025-02-26,19.1,4.05,4.25,0.2,1.04,0.37,68.87,127.2822,4.2,0.67
2025-02-27,21.13,4.07,4.29,0.22,1.05,0.38,70.62,127.9704,4.2,0.67
2025-02-28,19.63,3.99,4.24,0.25,1.09,0.4,69.97,128.2805,4.2,0.6900000000000001
2025-03-03,22.78,3.96,4.16,0.2,1.1,0.4,68.63,127.75,4.21,0.7000000000000001
2025-03-04,23.51,3.96,4.22,0.26,1.11,0.4,68.47,127.9966,4.2,0.7100000000000001
2025-03-05,21.93,3.99,4.28,0.29,1.08,0.39,66.58,126.504,4.21,0.6900000000000001
2025-03-06,24.87,3.96,4.29,0.33,1.09,0.4,66.62,126.1099,4.2,0.6900000000000001
2025-03-07,23.37,3.99,4.32,0.33,1.1,0.4,67.29,125.9814,4.2,0.7000000000000001
2025-03-10,27.86,3.89,4.22,0.33,1.13,0.42,66.31,126.268,4.19,0.71
2025-03-11,26.92,3.94,4.28,0.34,1.16,0.44,66.52,126.0457,4.2,0.72
2025-03-12,24.23,4.01,4.32,0.31,1.17,0.45,67.65,125.8664,4.21,0.72
2025-03-13,24.66,3.94,4.27,0.33,1.2,0.45,66.82,126.0031,4.2,0.75
2025-03-14,21.77,4.02,4.31,0.29,1.16,0.43,67.43,125.6942,4.2,0.73
2025-03-17,20.51,4.06,4.31,0.25,1.15,0.42,67.84,125.3688,4.2,0.73
2025-03-18,21.7,4.04,4.29,0.25,1.15,0.41,67.49,125.488,4.2,0.74
2025-03-19,19.9,3.99,4.25,0.26,1.13,0.4,67.4,125.8006,4.2,0.7299999999999999
2025-03-20,19.8,3.95,4.24,0.29,1.13,0.4,68.55,125.985,4.19,0.7299999999999999
2025-03-21,19.28,3.94,4.25,0.31,1.14,0.4,68.52,126.2679,4.19,0.7399999999999999
2025-03-24,17.48,4.04,4.34,0.3,1.12,0.39,69.46,126.1956,4.19,0.7300000000000001
2025-03-25,17.15,3.96,4.31,0.35,1.12,0.4,69.48,126.0535,4.19,0.7200000000000001
2025-03-26,18.33,3.98,4.35,0.37,1.13,0.4,70.05,126.2364,4.2,0.7299999999999999
2025-03-27,18.69,3.97,4.38,0.41,1.14,0.4,70.3,126.3626,4.2,0.7399999999999999
2025-03-28,21.65,3.89,4.27,0.38,1.17,0.42,69.74,126.4187,4.2,0.75
2025-03-31,22.28,3.89,4.23,0.34,1.2,0.44,71.87,126.7075,4.21,0.76
2025-04-01,21.77,3.87,4.17,0.3,1.21,0.45,71.61,126.4338,4.2,0.76
2025-04-02,21.51,3.91,4.2,0.29,1.19,0.44,72.12,126.3811,4.21,0.75
2025-04-03,30.02,3.71,4.06,0.35,1.3,0.5,67.43,124.7316,4.2,0.8
2025-04-04,45.31,3.68,4.01,0.33,1.41,0.56,62.42,125.8129,4.17,0.8499999999999999
2025-04-07,46.98,3.73,4.15,0.42,1.48,0.59,61.05,126.8282,4.17,0.89
2025-04-08,52.33,3.71,4.26,0.55,1.46,0.56,60.04,126.8668,4.19,0.8999999999999999
2025-04-09,33.62,3.91,4.34,0.43,1.49,0.57,62.63,126.628,4.24,0.92
2025-04-10,40.72,3.84,4.4,0.56,1.46,0.52,60.57,125.089,4.22,0.94
2025-04-11,37.56,3.96,4.48,0.52,1.46,0.51,61.91,124.0163,4.23,0.95
2025-04-14,30.89,3.84,4.38,0.54,1.43,0.48,61.99,123.6598,4.22,0.95
2025-04-15,30.12,3.84,4.35,0.51,1.42,0.47,61.74,123.776,4.22,0.95
2025-04-16,32.64,3.77,4.29,0.52,1.41,0.47,62.88,123.2724,4.21,0.94
2025-04-17,29.65,3.81,4.34,0.53,1.39,0.45,65.07,123.1298,4.23,0.94
2025-04-18,,,,,,,,122.9865,,
2025-04-21,33.82,3.75,4.42,0.67,1.4,0.46,63.48,122.3145,4.22,0.94
2025-04-22,30.57,3.76,4.41,0.65,1.39,0.46,64.6,122.4175,4.22,0.9299999999999999
2025-04-23,28.45,3.81,4.4,0.59,1.35,0.44,62.64,123.0252,4.22,0.9100000000000001
2025-04-24,26.47,3.77,4.32,0.55,1.33,0.43,63.55,122.9251,4.21,0.9000000000000001
2025-04-25,24.84,3.74,4.29,0.55,1.31,0.42,63.85,122.8858,4.21,0.8900000000000001
2025-04-28,25.15,3.67,4.23,0.56,1.31,0.42,63.3,122.7176,4.2,0.8900000000000001
2025-04-29,24.17,3.65,4.19,0.54,1.33,0.44,61.84,122.5944,4.2,0.8900000000000001
2025-04-30,24.7,3.6,4.17,0.57,1.37,0.46,59.55,122.5921,4.2,0.9100000000000001
2025-05-01,24.6,3.7,4.25,0.55,1.38,0.46,60.59,123.1405,4.2,0.9199999999999999
2025-05-02,22.68,3.83,4.33,0.5,1.34,0.44,59.67,122.4962,4.22,0.9000000000000001
2025-05-05,23.64,3.83,4.36,0.53,1.33,0.43,58.5,122.2613,4.22,0.9000000000000001
2025-05-06,24.76,3.78,4.3,0.52,1.33,0.43,60.42,122.0417,4.22,0.9000000000000001
2025-05-07,23.55,3.78,4.26,0.48,1.32,0.43,59.42,122.117,4.22,0.8900000000000001
2025-05-08,22.48,3.9,4.37,0.47,1.29,0.41,61.25,122.7568,4.23,0.8800000000000001
2025-05-09,21.9,3.88,4.37,0.49,1.29,0.41,62.37,122.5191,4.22,0.8800000000000001
2025-05-12,18.39,3.98,4.45,0.47,1.22,0.39,63.32,123.4863,4.31,0.83
2025-05-13,18.22,4.02,4.49,0.47,1.19,0.37,65.04,122.9583,4.29,0.82
2025-05-14,18.62,4.05,4.53,0.48,1.18,0.37,64.48,122.6746,4.29,0.8099999999999999
2025-05-15,17.83,3.96,4.45,0.49,1.19,0.37,63.03,122.8174,4.27,0.82
2025-05-16,17.24,3.98,4.43,0.45,1.17,0.37,63.84,123.0737,4.25,0.7999999999999999
2025-05-19,18.14,3.97,4.46,0.49,1.16,0.36,63.98,122.4186,4.28,0.7999999999999999
2025-05-20,18.09,3.97,4.48,0.51,1.15,0.36,63.97,122.3199,4.26,0.7899999999999999
2025-05-21,20.87,4.0,4.58,0.58,1.15,0.36,62.93,121.7496,4.24,0.7899999999999999
2025-05-22,20.28,4.0,4.54,0.54,1.16,0.36,62.55,122.0429,4.25,0.7999999999999999
2025-05-23,22.29,4.0,4.51,0.51,1.18,0.37,62.89,121.3837,4.24,0.8099999999999999
2025-05-26,20.57,,,,1.18,0.37,,,,0.8099999999999999
2025-05-27,18.96,3.92,4.43,0.51,1.15,0.36,61.61,121.6099,4.24,0.7899999999999999
2025-05-28,19.31,3.96,4.47,0.51,1.14,0.36,62.54,121.9888,4.24,0.7799999999999999
2025-05-29,19.18,3.92,4.43,0.51,1.14,0.36,61.66,121.5617,4.25,0.7799999999999999
2025-05-30,18.57,3.89,4.41,0.52,1.15,0.37,61.46,121.7674,4.25,0.7799999999999999
2025-05-31,,,,,1.16,0.34,,,,0.8199999999999998
2025-06-02,18.36,3.94,4.46,0.52,1.15,0.33,63.27,121.1881,4.25,0.8199999999999998
2025-06-03,17.69,3.96,4.46,0.5,1.12,0.32,64.1,121.4592,4.24,0.8
2025-06-04,17.61,3.87,4.37,0.5,1.12,0.33,63.57,121.0539,4.25,0.79
2025-06-05,18.48,3.92,4.4,0.48,1.12,0.34,64.06,120.9596,4.25,0.78
2025-06-06,16.77,4.04,4.51,0.47,1.1,0.33,65.3,121.161,4.25,0.77
2025-06-09,17.16,4.01,4.49,0.48,1.09,0.33,65.99,120.9103,4.25,0.76
2025-06-10,16.95,4.01,4.47,0.46,1.09,0.33,65.66,121.0485,4.26,0.76
2025-06-11,17.26,3.94,4.41,0.47,1.09,0.33,68.91,120.587,4.26,0.76
2025-06-12,18.02,3.9,4.36,0.46,1.1,0.34,68.73,120.1723,4.27,0.76
2025-06-13,20.82,3.96,4.41,0.45,1.1,0.35,73.84,120.3245,4.26,0.7500000000000001
2025-06-16,19.11,3.97,4.46,0.49,1.08,0.33,72.53,120.1565,4.24,0.75
2025-06-17,21.6,3.94,4.39,0.45,1.1,0.34,75.62,120.5048,4.23,0.76
2025-06-18,20.14,3.94,4.38,0.44,1.1,0.35,75.89,120.7305,4.23,0.7500000000000001
2025-06-19,22.17,,,,1.1,0.35,,,,0.7500000000000001
2025-06-20,20.62,3.9,4.38,0.48,1.1,0.34,75.72,121.0408,4.21,0.76
2025-06-23,19.83,3.84,4.34,0.5,1.12,0.36,69.36,121.1694,4.19,0.7600000000000001
2025-06-24,17.48,3.75,4.3,0.55,1.1,0.35,65.45,120.3645,4.19,0.7500000000000001
2025-06-25,16.76,3.74,4.29,0.55,1.11,0.36,65.98,120.3336,4.19,0.7500000000000001
2025-06-26,16.59,3.7,4.26,0.56,1.11,0.37,66.44,119.6451,4.21,0.7400000000000001
2025-06-27,16.32,3.73,4.29,0.56,1.1,0.36,66.66,119.659,4.2,0.7400000000000001
2025-06-30,16.73,3.72,4.24,0.52,1.08,0.35,66.3,119.4088,4.24,0.7300000000000001
2025-07-01,16.83,3.78,4.26,0.48,1.06,0.33,66.64,119.3436,4.24,0.73
2025-07-02,16.64,3.78,4.3,0.52,1.03,0.32,68.66,119.3037,4.24,0.71
2025-07-03,16.38,3.88,4.35,0.47,1.01,0.31,68.13,119.2382,4.26,0.7
2025-07-04,17.48,,,,1.01,0.31,,,,0.7
2025-07-07,17.79,3.9,4.4,0.5,1.02,0.31,69.16,119.6201,4.26,0.71
2025-07-08,16.81,3.9,4.42,0.52,1.02,0.31,69.55,119.8371,4.26,0.71
2025-07-09,15.94,3.86,4.34,0.48,1.04,0.33,69.61,119.7311,4.26,0.71
2025-07-10,15.78,3.86,4.35,0.49,1.03,0.33,67.78,119.8343,4.25,0.7
2025-07-11,16.4,3.9,4.43,0.53,1.03,0.33,69.63,119.9214,4.25,0.7
2025-07-14,17.2,3.9,4.43,0.53,1.03,0.33,68.19,120.2209,4.26,0.7
2025-07-15,17.38,3.95,4.5,0.55,1.01,0.32,67.76,120.5105,4.25,0.69
2025-07-16,17.16,3.88,4.46,0.58,1.02,0.32,67.13,120.4175,4.24,0.7
2025-07-17,16.52,3.91,4.47,0.56,1.01,0.32,68.76,120.6384,4.24,0.69
2025-07-18,16.41,3.88,4.44,0.56,1.01,0.31,68.53,120.356,4.24,0.7
2025-07-21,16.65,3.85,4.38,0.53,1.01,0.31,68.39,119.9961,4.24,0.7
2025-07-22,16.5,3.83,4.35,0.52,1.02,0.32,67.56,119.681,4.24,0.7
2025-07-23,15.37,3.88,4.4,0.52,1.0,0.31,66.05,119.5697,4.25,0.69
2025-07-24,15.39,3.91,4.43,0.52,0.99,0.31,67.16,119.5664,4.25,0.6799999999999999
2025-07-25,14.93,3.91,4.4,0.49,0.99,0.31,66.38,119.9857,4.25,0.6799999999999999
2025-07-28,15.03,3.91,4.42,0.51,0.98,0.31,67.81,120.6149,4.24,0.6699999999999999
2025-07-29,15.98,3.86,4.34,0.48,1.0,0.32,70.27,120.9674,4.24,0.6799999999999999
2025-07-30,15.48,3.94,4.38,0.44,0.99,0.32,71.09,121.4042,4.25,0.6699999999999999
2025-07-31,16.72,3.94,4.37,0.43,0.99,0.31,70.36,121.721,4.24,0.6799999999999999
2025-08-01,20.38,3.69,4.23,0.54,1.04,0.34,68.39,121.2122,4.19,0.7
2025-08-04,17.52,3.69,4.22,0.53,1.04,0.33,67.33,120.9859,4.16,0.71
2025-08-05,17.85,3.72,4.22,0.5,1.03,0.33,66.2,120.9082,4.16,0.7
2025-08-06,16.77,3.69,4.22,0.53,1.02,0.32,65.38,120.5082,4.14,0.7
2025-08-07,16.57,3.72,4.23,0.51,1.01,0.31,64.9,120.5043,4.14,0.7
2025-08-08,15.15,3.76,4.27,0.51,1.01,0.31,64.94,120.3329,4.14,0.7
2025-08-11,16.25,3.76,4.27,0.51,1.01,0.32,65.03,120.6892,4.15,0.69
2025-08-12,14.73,3.72,4.29,0.57,1.0,0.3,64.22,120.2736,4.14,0.7
2025-08-13,14.49,3.67,4.24,0.57,0.98,0.3,63.68,120.13,4.11,0.6799999999999999
2025-08-14,14.83,3.74,4.29,0.55,0.97,0.29,64.99,120.6446,4.12,0.6799999999999999
2025-08-15,15.09,3.75,4.33,0.58,0.96,0.27,63.78,120.3377,4.12,0.69
2025-08-18,14.99,3.77,4.34,0.57,0.96,0.28,64.51,120.5622,4.14,0.6799999999999999
2025-08-19,15.57,3.75,4.3,0.55,0.97,0.29,63.38,120.7224,4.12,0.6799999999999999
2025-08-20,15.69,3.74,4.29,0.55,0.98,0.3,64.19,120.7757,4.12,0.6799999999999999
2025-08-21,16.6,3.79,4.33,0.54,0.98,0.29,64.56,121.0843,4.14,0.69
2025-08-22,14.22,3.68,4.26,0.58,0.97,0.29,64.08,120.2774,4.1,0.6799999999999999
2025-08-25,14.79,3.73,4.28,0.55,0.96,0.28,65.18,120.4214,4.1,0.6799999999999999
2025-08-26,14.62,3.61,4.26,0.65,0.98,0.29,63.6,120.5274,4.1,0.69
2025-08-27,14.85,3.59,4.24,0.65,0.99,0.29,64.49,120.7274,4.08,0.7
2025-08-28,14.43,3.62,4.22,0.6,0.99,0.3,64.96,120.2595,4.08,0.69
2025-08-29,15.36,3.59,4.23,0.64,1.01,0.31,64.36,120.2082,4.05,0.7
2025-08-31,,,,,1.02,0.33,,,,0.69
2025-09-01,16.12,,,,1.02,0.33,,,,0.69
2025-09-02,17.17,3.66,4.28,0.62,1.03,0.33,65.95,120.6837,4.05,0.7
2025-09-03,16.35,3.61,4.22,0.61,1.02,0.32,64.36,120.5052,4.03,0.7
2025-09-04,15.3,3.59,4.17,0.58,1.0,0.31,63.81,120.7629,4.01,0.69
2025-09-05,15.18,3.51,4.1,0.59,1.0,0.31,62.22,120.1282,3.92,0.69
2025-09-08,15.11,3.49,4.05,0.56,1.01,0.32,62.6,120.0971,3.95,0.69
2025-09-09,15.04,3.54,4.08,0.54,1.01,0.32,62.97,120.1569,3.95,0.69
2025-09-10,15.35,3.54,4.04,0.5,1.0,0.31,64.01,120.1223,3.94,0.69
2025-09-11,14.71,3.52,4.01,0.49,0.98,0.31,62.71,119.9534,3.94,0.6699999999999999
2025-09-12,14.76,3.56,4.06,0.5,0.97,0.3,63.02,120.0611,3.94,0.6699999999999999
2025-09-15,15.69,3.54,4.05,0.51,0.95,0.29,63.66,119.5644,3.91,0.6599999999999999
2025-09-16,16.36,3.51,4.04,0.53,0.96,0.3,64.89,119.1348,3.9,0.6599999999999999
2025-09-17,15.72,3.52,4.06,0.54,0.96,0.31,64.41,119.1582,3.88,0.6499999999999999
2025-09-18,15.7,3.57,4.11,0.54,0.94,0.29,63.91,119.6616,3.89,0.6499999999999999
2025-09-19,15.45,3.57,4.14,0.57,0.93,0.29,63.02,119.7858,3.89,0.6400000000000001
2025-09-22,16.1,3.61,4.15,0.54,0.93,0.29,62.99,119.8152,3.86,0.6400000000000001
2025-09-23,16.64,3.53,4.12,0.59,0.94,0.3,63.76,119.6202,3.86,0.6399999999999999
2025-09-24,16.18,3.57,4.16,0.59,0.95,0.31,65.4,120.1707,3.87,0.6399999999999999
2025-09-25,16.74,3.64,4.18,0.54,0.96,0.32,65.51,120.5419,3.89,0.6399999999999999
2025-09-26,15.29,3.63,4.2,0.57,0.95,0.31,66.5,120.4349,3.87,0.6399999999999999
2025-09-29,16.12,3.63,4.15,0.52,0.94,0.31,64.27,120.115,3.86,0.6299999999999999
2025-09-30,16.28,3.6,4.16,0.56,0.97,0.31,63.17,120.1368,3.86,0.6599999999999999
2025-10-01,16.29,3.55,4.12,0.57,0.97,0.31,62.59,120.1502,3.85,0.6599999999999999
2025-10-02,16.63,3.55,4.1,0.55,0.96,0.3,61.28,120.4296,3.86,0.6599999999999999
2025-10-03,16.65,3.58,4.13,0.55,0.95,0.3,61.65,120.0881,3.87,0.6499999999999999
2025-10-06,16.37,3.6,4.18,0.58,0.94,0.29,62.49,120.2722,3.86,0.6499999999999999
2025-10-07,17.24,3.57,4.14,0.57,0.95,0.3,62.52,120.4884,3.85,0.6499999999999999
2025-10-08,16.3,3.58,4.13,0.55,0.95,0.3,63.37,120.7766,3.85,0.6499999999999999
2025-10-09,16.43,3.6,4.14,0.54,0.98,0.32,62.36,121.0902,3.87,0.6599999999999999
2025-10-10,21.66,3.52,4.05,0.53,1.02,0.34,59.75,121.1163,3.86,0.6799999999999999
2025-10-13,19.03,,,,1.02,0.34,,,,0.6799999999999999
2025-10-14,20.81,3.48,4.03,0.55,1.02,0.34,59.52,121.1822,3.85,0.6799999999999999
2025-10-15,20.64,3.5,4.05,0.55,0.99,0.32,59.08,120.8642,3.87,0.6699999999999999
2025-10-16,25.31,3.41,3.99,0.58,1.01,0.33,58.29,120.6698,3.86,0.6799999999999999
2025-10-17,20.78,3.46,4.02,0.56,1.01,0.32,58.3,120.7028,3.84,0.69
2025-10-20,18.23,3.46,4.0,0.54,1.0,0.31,58.34,120.6209,3.81,0.69
2025-10-21,17.87,3.45,3.98,0.53,1.01,0.32,58.66,120.8895,3.8,0.69
2025-10-22,18.6,3.45,3.97,0.52,1.02,0.33,59.3,120.8958,3.8,0.69
2025-10-23,17.3,3.48,4.01,0.53,1.0,0.31,62.44,120.9531,3.8,0.69
2025-10-24,16.37,3.48,4.02,0.54,0.98,0.31,62.27,120.9345,3.77,0.6699999999999999
2025-10-27,15.79,3.48,4.01,0.53,0.97,0.3,62.13,120.7988,3.73,0.6699999999999999
2025-10-28,16.42,3.47,3.99,0.52,0.97,0.3,60.97,120.6361,3.73,0.6699999999999999
2025-10-29,16.92,3.59,4.08,0.49,0.96,0.3,61.26,120.5312,3.77,0.6599999999999999
2025-10-30,16.91,3.61,4.11,0.5,0.98,0.33,61.36,121.2832,3.76,0.6499999999999999
2025-10-31,17.44,3.6,4.11,0.51,1.02,0.35,61.75,121.3859,3.73,0.67
2025-11-03,17.17,3.6,4.13,0.53,1.04,0.38,61.79,121.4512,3.82,0.66
2025-11-04,19.0,3.58,4.1,0.52,1.04,0.38,61.38,121.8271,3.8,0.66
2025-11-05,18.01,3.63,4.17,0.54,1.02,0.36,60.4,121.8482,3.8,0.66
2025-11-06,19.5,3.57,4.11,0.54,1.04,0.36,60.24,121.6948,3.77,0.68
2025-11-07,19.08,3.55,4.11,0.56,1.06,0.37,60.54,121.388,3.77,0.6900000000000001
2025-11-10,17.6,3.58,4.13,0.55,1.05,0.36,60.94,121.2984,3.79,0.6900000000000001
2025-11-11,17.28,,,,1.05,0.36,,,,0.6900000000000001
2025-11-12,17.51,3.56,4.08,0.52,1.05,0.36,59.3,121.0458,3.79,0.6900000000000001
2025-11-13,20.0,3.58,4.11,0.53,1.06,0.36,59.54,120.7725,3.8,0.7000000000000001
2025-11-14,19.83,3.62,4.14,0.52,1.06,0.36,60.87,120.9666,3.8,0.7000000000000001
2025-11-17,22.38,3.6,4.13,0.53,1.06,0.36,60.66,121.1146,3.8,0.7000000000000001
2025-11-18,24.69,3.58,4.12,0.54,1.07,0.37,61.51,121.2127,3.78,0.7000000000000001
2025-11-19,23.66,3.58,4.13,0.55,1.07,0.36,60.27,121.4978,3.79,0.7100000000000001
2025-11-20,26.42,3.55,4.1,0.55,1.08,0.37,60.07,121.6889,3.78,0.7100000000000001
2025-11-21,23.43,3.51,4.06,0.55,1.09,0.37,58.86,121.8653,3.75,0.7200000000000001
2025-11-24,20.52,3.46,4.04,0.58,1.08,0.36,59.11,121.9171,3.75,0.7200000000000001
2025-11-25,18.56,3.43,4.01,0.58,1.07,0.35,58.25,121.6335,3.74,0.7200000000000001
2025-11-26,17.19,3.45,4.0,0.55,1.05,0.34,58.81,121.2437,3.76,0.71
2025-11-27,17.21,,,,1.05,0.34,,,,0.71
2025-11-28,16.35,3.47,4.02,0.55,1.04,0.33,58.58,121.0527,3.73,0.71
2025-11-30,,,,,1.05,0.34,,,,0.71
2025-12-01,17.24,3.54,4.09,0.55,1.04,0.33,59.47,120.9862,3.71,0.71
2025-12-02,16.59,3.51,4.09,0.58,1.03,0.33,58.81,121.1467,3.68,0.7
2025-12-03,16.08,3.49,4.06,0.57,1.03,0.33,59.09,120.7336,3.64,0.7
2025-12-04,15.78,3.52,4.11,0.59,1.02,0.33,59.82,120.6766,3.63,0.69
2025-12-05,15.41,3.56,4.14,0.58,1.01,0.33,60.23,120.6863,3.62,0.6799999999999999
2025-12-08,16.66,3.57,4.17,0.6,1.0,0.32,59.04,120.776,3.64,0.6799999999999999
2025-12-09,16.93,3.61,4.18,0.57,1.0,0.33,58.4,120.6832,3.64,0.6699999999999999
2025-12-10,15.77,3.54,4.13,0.59,1.0,0.32,58.67,120.6752,3.6,0.6799999999999999
2025-12-11,14.85,3.52,4.14,0.62,1.0,0.33,57.76,119.98,3.58,0.6699999999999999
2025-12-12,15.74,3.52,4.19,0.67,1.01,0.34,57.61,120.1442,3.54,0.6699999999999999
2025-12-15,16.5,3.51,4.18,0.67,1.02,0.35,56.97,119.9561,3.56,0.67
2025-12-16,16.48,3.48,4.15,0.67,1.03,0.36,55.44,119.8902,3.56,0.67
2025-12-17,17.62,3.49,4.16,0.67,1.03,0.36,56.07,120.155,3.55,0.67
2025-12-18,16.87,3.46,4.12,0.66,1.03,0.35,56.22,120.0528,3.53,0.68
2025-12-19,14.91,3.48,4.16,0.68,1.02,0.35,56.8,120.1652,3.54,0.67
2025-12-22,14.08,3.44,4.17,0.73,1.02,0.35,58.18,119.9912,3.56,0.67
2025-12-23,14.0,3.48,4.18,0.7,1.01,0.35,58.55,119.7057,3.56,0.66
2025-12-24,13.47,3.47,4.15,0.68,1.0,0.35,58.72,119.4372,3.6,0.65
2025-12-25,,,,,,,,,,
2025-12-26,13.6,3.46,4.14,0.68,1.0,0.35,56.6,119.4723,3.56,0.65
2025-12-29,14.2,3.45,4.12,0.67,1.0,0.35,57.89,119.5899,3.57,0.65
2025-12-30,14.33,3.45,4.14,0.69,1.01,0.35,57.79,119.4939,3.55,0.66
2025-12-31,14.95,3.47,4.18,0.71,1.01,0.34,57.26,119.7456,3.57,0.6699999999999999
2026-01-01,,,,,,,,,,
2026-01-02,14.51,3.47,4.19,0.72,1.01,0.35,57.21,119.6059,3.54,0.66
2026-01-05,14.9,3.46,4.17,0.71,1.01,0.35,58.1,119.6192,3.54,0.66
2026-01-06,14.75,3.47,4.18,0.71,1.0,0.34,56.97,119.7807,3.53,0.6599999999999999
2026-01-07,15.38,3.47,4.15,0.68,1.01,0.35,56.01,119.8719,3.52,0.66
2026-01-08,15.45,3.49,4.19,0.7,1.01,0.34,57.74,120.0904,3.52,0.6699999999999999
2026-01-09,14.49,3.54,4.18,0.64,0.99,0.34,58.96,120.2215,3.52,0.6499999999999999
2026-01-12,15.12,3.54,4.19,0.65,0.99,0.34,59.39,119.9958,3.56,0.6499999999999999
2026-01-13,15.98,3.53,4.18,0.65,0.98,0.34,60.85,120.1401,3.57,0.6399999999999999
2026-01-14,16.75,3.51,4.15,0.64,0.98,0.35,61.84,119.9537,3.57,0.63
2026-01-15,15.84,3.56,4.17,0.61,0.97,0.34,59.13,119.9951,3.57,0.6299999999999999
2026-01-16,15.86,3.59,4.24,0.65,0.96,0.34,59.4,120.0838,3.57,0.6199999999999999
2026-01-19,18.84,,,,0.96,0.34,,,,0.6199999999999999
2026-01-20,20.09,3.6,4.3,0.7,0.96,0.33,60.3,119.4455,3.59,0.6299999999999999
2026-01-21,16.9,3.6,4.26,0.66,0.95,0.33,60.38,119.3431,3.59,0.6199999999999999
2026-01-22,15.64,3.61,4.26,0.65,0.93,0.32,59.24,119.1962,3.6,0.6100000000000001
2026-01-23,16.09,3.6,4.24,0.64,0.94,0.32,60.7,118.8976,3.59,0.6199999999999999
2026-01-26,16.15,3.56,4.22,0.66,0.94,0.33,60.46,118.0525,3.59,0.6099999999999999
2026-01-27,16.35,3.53,4.24,0.71,0.94,0.32,62.04,117.4523,3.58,0.6199999999999999
2026-01-28,16.35,3.56,4.26,0.7,0.93,0.31,62.75,117.5117,3.59,0.6200000000000001
2026-01-29,16.88,3.53,4.24,0.71,0.94,0.33,64.77,117.4396,3.59,0.6099999999999999
2026-01-30,17.44,3.52,4.26,0.74,0.94,0.33,64.5,117.8996,3.58,0.6099999999999999
2026-01-31,,,,,0.95,0.33,,,,0.6199999999999999
2026-02-02,16.34,3.57,4.29,0.72,0.93,0.33,61.6,118.3609,3.6,0.6000000000000001
2026-02-03,18.0,3.57,4.28,0.71,0.94,0.33,62.62,117.9764,3.6,0.6099999999999999
2026-02-04,18.64,3.57,4.29,0.72,0.95,0.34,64.56,118.2602,3.6,0.6099999999999999
2026-02-05,21.77,3.47,4.21,0.74,0.96,0.35,62.9,118.5034,3.59,0.61
2026-02-06,17.76,3.5,4.22,0.72,0.96,0.35,63.77,118.2407,3.6,0.61
2026-02-09,17.36,3.48,4.22,0.74,0.96,0.35,64.53,117.6392,3.6,0.61
2026-02-10,17.79,3.45,4.16,0.71,0.98,0.37,64.2,117.5216,3.6,0.61
2026-02-11,17.65,3.52,4.18,0.66,0.98,0.36,64.8,117.4601,3.61,0.62
2026-02-12,20.82,3.47,4.09,0.62,0.99,0.37,63.08,117.5376,3.61,0.62
2026-02-13,20.6,3.4,4.04,0.64,1.0,0.37,63.05,117.5258,3.6,0.63
2026-02-16,21.2,,,,1.0,0.37,,,,0.63
2026-02-17,20.29,3.43,4.05,0.62,1.01,0.38,62.53,117.7375,3.61,0.63
2026-02-18,19.62,3.47,4.09,0.62,0.99,0.36,65.33,117.8426,3.61,0.63
2026-02-19,20.23,3.47,4.08,0.61,0.99,0.37,66.66,118.2354,3.61,0.62
2026-02-20,19.09,3.48,4.08,0.6,0.99,0.36,66.69,117.9917,3.6,0.63
2026-02-23,21.01,3.43,4.03,0.6,1.01,0.38,66.36,117.9395,3.6,0.63
2026-02-24,19.55,3.43,4.04,0.61,1.02,0.38,65.62,117.9463,3.6,0.64
2026-02-25,17.93,3.45,4.05,0.6,1.01,0.38,65.3,117.769,3.6,0.63
2026-02-26,18.63,3.42,4.02,0.6,1.03,0.39,65.1,117.9042,3.6,0.64
2026-02-27,19.86,3.38,3.97,0.59,1.07,0.41,66.96,117.8223,3.59,0.6600000000000001
2026-02-28,,,,,1.08,0.43,,,,0.6500000000000001
2026-03-02,21.44,3.47,4.05,0.58,1.06,0.42,71.13,118.667,3.61,0.6400000000000001
2026-03-03,23.57,3.51,4.06,0.55,1.06,0.4,74.48,119.4341,3.6,0.66
2026-03-04,21.15,3.54,4.09,0.55,1.03,0.38,74.58,119.0705,3.6,0.65
2026-03-05,23.75,3.57,4.13,0.56,1.04,0.39,80.88,119.5683,3.59,0.65
2026-03-06,29.49,3.56,4.15,0.59,1.06,0.4,90.77,119.491,3.58,0.66
2026-03-09,25.5,3.56,4.12,0.56,1.07,0.4,94.65,119.5151,3.61,0.67
2026-03-10,24.93,3.57,4.15,0.58,1.06,0.41,83.71,118.7255,3.6,0.6500000000000001
2026-03-11,24.23,3.64,4.21,0.57,1.09,0.42,86.8,119.2885,3.61,0.6700000000000002
2026-03-12,27.29,3.76,4.27,0.51,1.12,0.45,95.61,119.8227,3.61,0.6700000000000002
2026-03-13,27.19,3.73,4.28,0.55,1.15,0.45,98.48,120.5518,3.61,0.7
2026-03-16,23.51,3.68,4.23,0.55,1.16,0.45,93.39,120.097,3.61,0.71
2026-03-17,22.37,3.68,4.2,0.52,1.14,0.43,96.01,119.8328,3.61,0.71
2026-03-18,25.09,3.76,4.26,0.5,1.13,0.41,96.12,119.9276,3.62,0.72
2026-03-19,24.06,3.79,4.25,0.46,1.13,0.41,96.11,120.1802,3.62,0.72
2026-03-20,26.78,3.88,4.39,0.51,1.11,0.41,98.71,120.2757,3.63,0.7000000000000002
2026-03-23,26.15,3.83,4.34,0.51,1.11,0.39,89.33,119.9371,3.63,0.7200000000000001
2026-03-24,26.95,3.9,4.39,0.49,1.09,0.38,93.18,120.1295,3.63,0.7100000000000001
2026-03-25,25.33,3.84,4.33,0.49,1.09,0.38,91.51,120.1282,3.63,0.7100000000000001
2026-03-26,27.44,3.96,4.42,0.46,1.11,0.4,96.18,120.389,3.63,0.7100000000000001
2026-03-27,31.05,3.88,4.44,0.56,1.14,0.42,101.26,120.8851,3.62,0.72
2026-03-30,30.61,3.82,4.35,0.53,1.16,0.43,104.69,121.2851,3.62,0.73
2026-03-31,25.25,3.79,4.3,0.51,1.13,0.4,102.86,121.035,3.61,0.7299999999999999
2026-04-01,24.54,3.81,4.33,0.52,1.1,0.38,101.9,120.1198,3.61,0.7200000000000001
2026-04-02,23.87,3.79,4.31,0.52,1.09,0.37,113.23,120.503,3.61,0.7200000000000001
2026-04-03,,3.84,4.35,0.51,1.09,0.37,,120.6565,3.62,0.7200000000000001
2026-04-06,24.17,3.84,4.34,0.5,1.07,0.35,114.01,120.4302,3.64,0.7200000000000001
2026-04-07,25.78,3.81,4.33,0.52,1.08,0.37,114.58,120.32,3.62,0.7100000000000001
2026-04-08,21.04,3.79,4.29,0.5,1.05,0.35,96.17,119.0596,3.61,0.7000000000000001
2026-04-09,19.49,3.78,4.29,0.51,1.05,0.35,99.62,118.8998,3.6,0.7000000000000001
2026-04-10,19.23,3.81,4.31,0.5,1.04,0.35,98.34,118.8552,3.6,0.6900000000000001
2026-04-13,19.12,3.78,4.3,0.52,1.04,0.34,100.72,118.9916,3.62,0.7
2026-04-14,18.36,3.76,4.26,0.5,1.02,0.33,93.07,118.3581,3.62,0.69
2026-04-15,18.17,3.76,4.29,0.53,1.01,0.33,93.04,118.3623,3.62,0.6799999999999999
2026-04-16,17.94,3.78,4.32,0.54,1.01,0.33,96.46,118.3616,3.62,0.6799999999999999
2026-04-17,17.48,3.71,4.26,0.55,1.01,0.33,85.91,118.0795,3.61,0.6799999999999999
2026-04-20,18.87,3.72,4.26,0.54,1.01,0.34,91.06,118.2374,3.62,0.6699999999999999
2026-04-21,19.5,3.78,4.3,0.52,1.0,0.34,93.64,118.4331,3.6,0.6599999999999999
2026-04-22,18.92,3.79,4.3,0.51,0.99,0.33,94.76,118.6004,3.6,0.6599999999999999
2026-04-23,19.31,3.83,4.34,0.51,1.0,0.35,99.27,118.7155,3.6,0.65
2026-04-24,18.71,3.78,4.31,0.53,1.0,0.36,98.42,118.7294,3.6,0.64
2026-04-27,18.02,3.78,4.35,0.57,1.01,0.36,99.89,118.5458,3.6,0.65
2026-04-28,17.83,3.84,4.36,0.52,1.02,0.37,103.45,118.7717,3.6,0.65
2026-04-29,18.81,3.92,4.42,0.5,1.01,0.36,110.47,119.0975,3.6,0.65
2026-04-30,16.89,3.88,4.4,0.52,1.02,0.37,108.64,118.671,3.59,0.65
2026-05-01,16.99,3.88,4.39,0.51,1.01,0.37,105.38,118.3926,3.59,0.64
2026-05-04,18.29,3.95,4.45,0.5,1.01,0.37,109.76,118.8264,3.61,0.64
2026-05-05,17.38,3.93,4.43,0.5,0.99,0.36,105.66,118.6207,3.61,0.63
2026-05-06,17.39,3.87,4.36,0.49,0.99,0.37,98.75,118.0982,3.61,0.62
2026-05-07,17.08,3.92,4.41,0.49,0.99,0.38,98.38,118.0116,3.61,0.61
2026-05-08,17.19,3.9,4.38,0.48,0.99,0.38,98.87,118.0392,3.6,0.61
2026-05-11,18.38,3.95,4.42,0.47,0.98,0.37,101.56,118.0562,3.61,0.61
2026-05-12,17.99,4.0,4.46,0.46,0.97,0.36,105.78,118.5238,3.61,0.61
2026-05-13,17.87,3.98,4.46,0.48,0.96,0.35,104.52,118.4737,3.61,0.61
2026-05-14,17.26,4.0,4.47,0.47,0.95,0.35,104.66,118.6696,3.6,0.6
2026-05-15,18.43,4.09,4.59,0.5,0.94,0.33,108.99,119.2825,3.6,0.6099999999999999
2026-05-18,17.82,4.07,4.61,0.54,0.94,0.33,112.25,119.0574,3.6,0.6099999999999999
2026-05-19,18.06,4.13,4.67,0.54,0.95,0.34,112.09,119.451,3.59,0.6099999999999999
2026-05-20,17.44,4.04,4.57,0.53,0.95,0.33,101.69,119.1624,3.57,0.6199999999999999
2026-05-21,16.76,4.08,4.57,0.49,0.94,0.33,100.2,119.369,3.59,0.6099999999999999
2026-05-22,16.7,4.13,4.56,0.43,0.93,0.32,100.35,119.2868,3.59,0.6100000000000001
2026-05-25,16.59,,,,0.93,0.32,,,,0.6100000000000001
2026-05-26,17.01,4.01,4.5,0.49,0.93,0.33,97.63,119.1696,3.6,0.6000000000000001
2026-05-27,16.29,4.0,4.48,0.48,0.93,0.33,92.35,119.1829,3.59,0.6000000000000001
2026-05-28,15.74,3.99,4.45,0.46,0.93,0.33,92.65,119.0318,3.6,0.6000000000000001
2026-05-29,15.32,3.98,4.45,0.47,0.92,0.32,91.16,118.8783,3.6,0.6000000000000001
2026-05-31,,,,,0.93,0.32,,,,0.6100000000000001
2026-06-01,16.05,4.05,4.47,0.42,0.92,0.32,95.96,119.1653,3.63,0.6000000000000001
2026-06-02,15.77,4.05,4.46,0.41,0.92,0.32,97.47,119.0359,3.63,0.6000000000000001
2026-06-03,16.06,4.08,4.49,0.41,0.93,0.32,99.76,119.3848,3.63,0.6100000000000001
2026-06-04,15.4,4.05,4.47,0.42,0.93,0.32,96.83,119.3615,3.63,0.6100000000000001
2026-06-05,21.51,4.17,4.55,0.38,0.93,0.33,94.32,120.0831,3.63,0.6000000000000001
2026-06-08,18.92,4.15,4.56,0.41,0.93,0.33,95.0,120.034,3.65,0.6000000000000001
2026-06-09,19.87,4.13,4.53,0.4,0.93,0.33,91.9,119.9617,3.64,0.6000000000000001
2026-06-10,22.22,4.13,4.55,0.42,0.94,0.34,93.68,119.9134,3.64,0.5999999999999999
2026-06-11,19.44,4.05,4.45,0.4,0.94,0.34,91.58,120.1174,3.63,0.5999999999999999
2026-06-12,17.68,4.09,4.48,0.39,0.93,0.33,88.62,119.5073,3.63,0.6000000000000001
2026-06-15,16.2,4.07,4.47,0.4,0.92,0.34,84.65,119.3158,3.64,0.5800000000000001
2026-06-16,16.41,4.05,4.43,0.38,0.93,0.35,79.8,119.256,3.64,0.5800000000000001
2026-06-17,18.44,4.2,4.49,0.29,0.92,0.36,80.65,119.3871,3.68,0.56
2026-06-18,16.4,4.19,4.46,0.27,0.93,0.36,80.35,120.3958,3.67,0.5700000000000001
2026-06-19,16.78,,,,0.93,0.36,,,,0.5700000000000001
2026-06-22,17.28,4.24,4.51,0.27,0.93,0.36,78.94,120.5463,3.7,0.5700000000000001
2026-06-23,19.49,4.16,4.5,0.34,0.93,0.36,74.62,121.0552,3.7,0.5700000000000001
2026-06-24,18.63,4.11,4.41,0.3,0.94,0.37,71.42,121.412,3.7,0.57
2026-06-25,18.89,4.09,4.4,0.31,0.95,0.38,72.67,121.0559,3.69,0.57
2026-06-26,18.41,4.07,4.38,0.31,0.96,0.39,70.3,120.8866,3.67,0.57
2026-06-29,17.65,4.1,4.38,0.28,0.95,0.38,71.87,120.9525,3.74,0.57
2026-06-30,16.45,4.14,4.44,0.3,0.95,0.38,70.56,120.9248,3.74,0.57
2026-07-01,16.59,4.17,4.48,0.31,0.94,0.37,69.74,121.1455,3.71,0.57
2026-07-02,16.15,4.14,4.49,0.35,0.94,0.37,69.73,120.6902,3.68,0.57
2026-07-03,15.81,,,,0.94,0.37,,,,0.57
2026-07-06,15.57,4.13,4.48,0.35,0.94,0.37,69.6,120.835,3.74,0.57
2026-07-07,16.13,4.19,4.55,0.36,0.94,0.39,71.53,120.8145,3.73,0.5499999999999999
2026-07-08,16.9,4.21,4.56,0.35,0.94,0.38,74.56,121.1307,3.73,0.5599999999999999
2026-07-09,15.84,4.16,4.54,0.38,0.94,0.39,73.15,120.753,3.69,0.5499999999999999
2026-07-10,15.03,4.21,4.56,0.35,0.96,0.4,72.45,120.5046,3.71,0.5599999999999999
2026-07-13,17.16,4.26,4.62,0.36,0.96,0.41,79.2,120.7413,3.76,0.55
2026-07-14,16.5,4.18,4.58,0.4,0.97,0.42,80.44,120.4728,3.71,0.55
2026-07-15,15.67,4.13,4.55,0.42,0.97,0.41,80.73,120.3088,3.7,0.56
2026-07-16,16.73,4.16,4.57,0.41,0.96,0.4,80.03,120.331,3.7,0.5599999999999999
2026-07-17,18.77,4.18,4.55,0.37,0.97,0.41,83.43,120.5315,3.71,0.56
2026-07-20,18.65,4.21,4.6,0.39,0.97,0.41,84.38,120.5401,3.73,0.56
2026-07-21,17.05,4.26,4.63,0.37,0.97,0.41,86.04,120.5779,3.74,0.56
2026-07-22,16.64,4.31,4.67,0.36,0.96,0.41,87.66,120.5736,3.75,0.55
2026-07-23,18.7,4.37,4.71,0.34,0.98,0.43,93.08,120.9075,3.81,0.55
2026-07-24,18.58,4.33,4.69,0.36,0.99,0.45,91.74,120.7105,3.81,0.54
2026-07-27,18.67,4.31,4.65,0.34,1.0,0.46,84.25,120.7739,3.82,0.54
2026-07-28,18.21,4.26,4.61,0.35,1.0,0.46,80.91,120.6247,3.77,0.54
2026-07-29,20.66,4.22,4.67,0.45,1.0,0.46,86.08,120.7892,3.7,0.54
2026-07-30,17.09,4.23,4.68,0.45,0.99,0.43,85.15,119.6753,3.69,0.56
2026-07-31,15.99,4.28,4.75,0.47,0.99,0.41,86.16,119.7034,3.69,0.5800000000000001
2026-08-03,15.86,4.25,4.7,0.45,0.97,0.39,81.96,119.6951,3.75,0.58
2026-08-04,16.5,4.2,4.63,0.43,0.97,0.39,77.33,119.5977,3.74,0.58
2026-08-05,15.81,4.18,4.63,0.45,0.96,0.38,76.78,119.3881,3.74,0.58
2026-08-06,15.15,4.25,4.69,0.44,0.97,0.39,78.88,119.5113,3.74,0.58
2026-08-07,14.9,4.19,4.65,0.46,0.97,0.39,79.77,119.0649,3.72,0.58
2026-08-10,15.46,4.25,4.72,0.47,0.97,0.4,83.76,119.1187,3.74,0.57
2026-08-11,15.28,4.22,4.7,0.48,0.98,0.41,84.77,119.179,3.74,0.5700000000000001
2026-08-12,14.55,4.2,4.68,0.48,0.98,0.4,84.97,119.1179,3.72,0.58
2026-08-13,14.63,4.15,4.63,0.48,0.98,0.41,82.77,119.1848,3.71,0.5700000000000001
2026-08-14,14.25,4.17,4.68,0.51,0.98,0.41,83.99,118.9028,3.71,0.5700000000000001
2026-08-17,15.19,4.19,4.72,0.53,0.99,0.42,86.04,118.814,3.72,0.5700000000000001
2026-08-18,15.84,4.19,4.71,0.52,1.0,0.42,86.48,118.9831,3.71,0.5800000000000001
2026-08-19,14.89,4.19,4.65,0.46,1.0,0.42,87.28,118.3328,3.71,0.5800000000000001
2026-08-20,16.01,4.19,4.69,0.5,1.0,0.42,89.75,118.2548,3.71,0.5800000000000001
2026-08-21,15.13,4.24,4.74,0.5,1.0,0.43,87.21,118.0628,3.72,0.5700000000000001
2026-08-24,15.85,4.24,4.7,0.46,1.0,0.42,86.34,118.3195,3.72,0.5800000000000001
2026-08-25,15.45,4.17,4.64,0.47,1.0,0.42,83.9,118.2283,3.71,0.5800000000000001
2026-08-26,15.21,4.19,4.66,0.47,0.99,0.42,83.46,118.4461,3.7,0.5700000000000001
2026-08-27,14.51,4.2,4.67,0.47,0.98,0.42,84.81,118.3583,3.69,0.56
2026-08-28,14.43,4.34,4.73,0.39,0.97,0.41,84.57,118.7479,3.74,0.56
2026-08-31,14.92,4.34,4.75,0.41,0.98,0.42,87.03,118.5679,3.78,0.56
2026-09-01,16.34,4.39,4.79,0.4,0.99,0.42,91.48,118.6568,3.78,0.5700000000000001
2026-09-02,15.2,4.39,4.79,0.4,0.99,0.43,92.15,118.5296,3.78,0.56
2026-09-03,14.32,4.34,4.77,0.43,1.0,0.44,92.55,118.127,3.75,0.56
2026-09-04,14.53,4.37,4.78,0.41,0.99,0.43,92.69,118.0732,3.77,0.56
2026-09-07,15.3,,,,0.99,0.43,,,,0.56
2026-09-08,15.72,4.39,4.8,0.41,0.99,0.43,94.21,117.9127,3.8,0.56
2026-09-09,16.46,4.43,4.83,0.4,0.99,0.42,97.26,117.8834,3.81,0.5700000000000001
2026-09-10,17.84,4.56,4.95,0.39,0.98,0.42,103.57,118.0787,3.86,0.56
2026-09-11,15.84,4.63,4.96,0.33,0.97,0.42,101.27,118.2126,3.92,0.55
2026-09-14,17.1,4.65,4.97,0.32,0.98,0.43,102.42,118.6923,3.97,0.55
2026-09-15,17.2,4.67,5.0,0.33,0.98,0.42,107.02,118.8822,3.97,0.56
2026-09-16,17.71,4.74,5.01,0.27,0.96,0.4,,118.9206,3.99,0.5599999999999999
2026-09-17,15.44,4.67,4.94,0.27,0.95,0.39,,119.3489,3.97,0.5599999999999999
2026-09-18,14.81,4.76,5.01,0.25,0.94,0.39,,119.5133,3.99,0.5499999999999999
2026-09-21,14.87,,,0.2,,,,,,
