fold,seed,n_train_meetings,n_val_meetings,n_test_meetings,n_train_rows,n_test_rows,train_start,train_end,test_start,test_end,best_epoch,best_val_loss
0,0,80,,16,16000,3200,1998-12-23,2008-01-23,2008-03-05,2009-11-25,,
0,1,80,,16,16000,3200,1998-12-23,2008-01-23,2008-03-05,2009-11-25,,
0,2,80,,16,16000,3200,1998-12-23,2008-01-23,2008-03-05,2009-11-25,,
1,0,96,,16,19200,3200,1998-12-23,2009-11-25,2010-01-06,2011-09-28,,
1,1,96,,16,19200,3200,1998-12-23,2009-11-25,2010-01-06,2011-09-28,,
1,2,96,,16,19200,3200,1998-12-23,2009-11-25,2010-01-06,2011-09-28,,
2,0,112,,16,22400,3200,1998-12-23,2011-09-28,2011-11-09,2013-07-31,,
2,1,112,,16,22400,3200,1998-12-23,2011-09-28,2011-11-09,2013-07-31,,
2,2,112,,16,22400,3200,1998-12-23,2011-09-28,2011-11-09,2013-07-31,,
3,0,128,,16,25600,3200,1998-12-23,2013-07-31,2013-09-11,2015-06-03,,
3,1,128,,16,25600,3200,1998-12-23,2013-07-31,2013-09-11,2015-06-03,,
3,2,128,,16,25600,3200,1998-12-23,2013-07-31,2013-09-11,2015-06-03,,
4,0,144,,16,28800,3200,1998-12-23,2015-06-03,2015-07-15,2017-04-05,,
4,1,144,,16,28800,3200,1998-12-23,2015-06-03,2015-07-15,2017-04-05,,
4,2,144,,16,28800,3200,1998-12-23,2015-06-03,2015-07-15,2017-04-05,,
