fold,seed,epoch,train_loss,val_loss
0,0,1,1.0394567251205444,1.5900179147720337
0,0,2,0.3638435900211334,0.488620787858963
0,0,3,0.13863694667816162,0.21794401109218597
0,0,4,0.1174846813082695,0.14633537828922272
0,0,5,0.11224471777677536,0.13982237875461578
0,0,6,0.10922876000404358,0.12379184365272522
0,0,7,0.09531553834676743,0.11406569927930832
0,0,8,0.08239050209522247,0.09995627403259277
0,0,9,0.07221492379903793,0.08034717291593552
0,0,10,0.07330415397882462,0.07878616452217102
0,0,11,0.061831530183553696,0.0657641664147377
0,0,12,0.0617910698056221,0.06959249079227448
0,0,13,0.06128508225083351,0.06916335970163345
0,0,14,0.05980689451098442,0.06495597213506699
0,0,15,0.06045188009738922,0.06317509710788727
0,0,16,0.0595666877925396,0.06438516825437546
0,0,17,0.05954508110880852,0.06621240824460983
0,0,18,0.059256792068481445,0.06521264463663101
0,0,19,0.05901467055082321,0.06789570301771164
0,0,20,0.05953523516654968,0.06989248842000961
0,0,21,0.058789659291505814,0.06858182698488235
0,0,22,0.0587356872856617,0.06537909060716629
0,0,23,0.05869383364915848,0.06596706062555313
0,0,24,0.058664560317993164,0.06742892414331436
0,0,25,0.05881982669234276,0.07086005061864853
0,1,1,1.0124856233596802,1.4752860069274902
0,1,2,0.3214834928512573,0.4434366226196289
0,1,3,0.17177477478981018,0.24940025806427002
0,1,4,0.12152624130249023,0.1446245014667511
0,1,5,0.11072643846273422,0.13175202906131744
0,1,6,0.10559985786676407,0.12342599034309387
0,1,7,0.08728883415460587,0.10189536958932877
0,1,8,0.07384911179542542,0.08443659543991089
0,1,9,0.07131410390138626,0.07939218729734421
0,1,10,0.06416789442300797,0.07840441167354584
0,1,11,0.06479940563440323,0.07026075571775436
0,1,12,0.06860127300024033,0.07099083811044693
0,1,13,0.06534378230571747,0.07034964114427567
0,1,14,0.06593159586191177,0.06864245980978012
0,1,15,0.06167897582054138,0.06924822926521301
0,1,16,0.06218507140874863,0.06720320135354996
0,1,17,0.06140940263867378,0.06653992086648941
0,1,18,0.05998498573899269,0.06898629665374756
0,1,19,0.0600588396191597,0.06810381263494492
0,1,20,0.060016751289367676,0.0656747967004776
0,1,21,0.05947653576731682,0.06626616418361664
0,1,22,0.06050315871834755,0.07183495163917542
0,1,23,0.05931372568011284,0.06725126504898071
0,1,24,0.05918328836560249,0.06631507724523544
0,1,25,0.06099590286612511,0.06542222946882248
0,1,26,0.05938795208930969,0.0644148737192154
0,1,27,0.05888398364186287,0.06534004956483841
0,1,28,0.05913228914141655,0.0641687884926796
0,1,29,0.05980566143989563,0.06430958956480026
0,1,30,0.05995951592922211,0.06425465643405914
0,1,31,0.05974388122558594,0.06499818712472916
0,1,32,0.05945038050413132,0.06699307262897491
0,1,33,0.06127117574214935,0.06827472895383835
0,1,34,0.05858878791332245,0.06454338133335114
0,1,35,0.06035313755273819,0.06604178249835968
0,1,36,0.06392721086740494,0.0719589814543724
0,1,37,0.05835897848010063,0.0636700913310051
0,1,38,0.05856630578637123,0.06361294537782669
0,1,39,0.05860495939850807,0.06415965408086777
0,1,40,0.059690721333026886,0.06433101743459702
0,1,41,0.0580425038933754,0.06408711522817612
0,1,42,0.0611128956079483,0.06634404510259628
0,1,43,0.058743253350257874,0.06460732966661453
0,1,44,0.05856882408261299,0.0635283961892128
0,1,45,0.0578095018863678,0.06348816305398941
0,1,46,0.05847109854221344,0.06385300308465958
0,1,47,0.05897078663110733,0.06460557132959366
0,1,48,0.05889412388205528,0.06442258507013321
0,1,49,0.05774091184139252,0.0634826049208641
0,1,50,0.05986069142818451,0.06555332988500595
0,1,51,0.05800814554095268,0.06348969787359238
0,1,52,0.062019672244787216,0.0682690367102623
0,1,53,0.06046651303768158,0.06491395086050034
0,1,54,0.05922800675034523,0.06477585434913635
0,1,55,0.05888136848807335,0.0641191229224205
0,1,56,0.057272061705589294,0.06275290250778198
0,1,57,0.05833061411976814,0.06352982670068741
0,1,58,0.05749225616455078,0.06301230937242508
0,1,59,0.06702720373868942,0.07835086435079575
0,1,60,0.057605791836977005,0.06396914273500443
0,1,61,0.05928594246506691,0.06492481380701065
0,1,62,0.05871452018618584,0.06418897956609726
0,1,63,0.05841633677482605,0.06397046893835068
0,1,64,0.05744052678346634,0.06346223503351212
0,1,65,0.05902429297566414,0.06594786792993546
0,1,66,0.05782845616340637,0.06394097954034805
0,2,1,0.9860276579856873,1.5032578706741333
0,2,2,0.2139250636100769,0.28971222043037415
0,2,3,0.12715323269367218,0.1566976010799408
0,2,4,0.10984743386507034,0.1344040483236313
0,2,5,0.09982340782880783,0.1202242448925972
0,2,6,0.08521697670221329,0.09978998452425003
0,2,7,0.0933695137500763,0.10796704143285751
0,2,8,0.0693892166018486,0.07725507766008377
0,2,9,0.06434120982885361,0.06820044666528702
0,2,10,0.062117449939250946,0.06503239274024963
0,2,11,0.060877490788698196,0.06578739732503891
0,2,12,0.0615406334400177,0.06774720549583435
0,2,13,0.060851845890283585,0.06455031782388687
0,2,14,0.06030239909887314,0.06437568366527557
0,2,15,0.05934419482946396,0.0636705830693245
0,2,16,0.05920468270778656,0.06403378397226334
0,2,17,0.05954650044441223,0.0646185651421547
0,2,18,0.06050276756286621,0.06561136990785599
0,2,19,0.061780888587236404,0.06928887218236923
0,2,20,0.06149378791451454,0.06791586428880692
0,2,21,0.0593668632209301,0.06376884132623672
0,2,22,0.05855293199419975,0.06327644735574722
0,2,23,0.05925118178129196,0.0638822540640831
0,2,24,0.05835689604282379,0.06377492100000381
0,2,25,0.058351241052150726,0.06354431062936783
0,2,26,0.058304332196712494,0.06311594694852829
0,2,27,0.06110552325844765,0.0677533820271492
0,2,28,0.05986770614981651,0.06488177180290222
0,2,29,0.05844022333621979,0.06374050676822662
0,2,30,0.057988543063402176,0.06271461397409439
0,2,31,0.058759674429893494,0.06577015668153763
0,2,32,0.0602763332426548,0.06842648237943649
0,2,33,0.05812683328986168,0.06460657715797424
0,2,34,0.05884319171309471,0.06638883054256439
0,2,35,0.05784705653786659,0.06241197511553764
0,2,36,0.058861471712589264,0.06603477150201797
0,2,37,0.058077044785022736,0.06314649432897568
0,2,38,0.061083100736141205,0.06858768314123154
0,2,39,0.057701293379068375,0.06394404917955399
0,2,40,0.057554055005311966,0.06289857625961304
0,2,41,0.06004205718636513,0.0686723068356514
0,2,42,0.057974882423877716,0.0655774399638176
0,2,43,0.05766783654689789,0.06315261125564575
0,2,44,0.060676414519548416,0.07099587470293045
0,2,45,0.05916270613670349,0.06354966759681702
1,0,1,0.9014605283737183,0.9553717374801636
1,0,2,0.15047043561935425,0.13385550677776337
1,0,3,0.14718350768089294,0.13838054239749908
1,0,4,0.12151345610618591,0.11060179024934769
1,0,5,0.10891621559858322,0.09968984872102737
1,0,6,0.09470634162425995,0.08784494549036026
1,0,7,0.07576978206634521,0.0711272805929184
1,0,8,0.06770500540733337,0.0630229115486145
1,0,9,0.06428515166044235,0.06319784373044968
1,0,10,0.06275118887424469,0.05981326475739479
1,0,11,0.06297051906585693,0.06040271744132042
1,0,12,0.06091810390353203,0.05960216745734215
1,0,13,0.06081977114081383,0.05891210213303566
1,0,14,0.06155722960829735,0.059387024492025375
1,0,15,0.06097286939620972,0.059822626411914825
1,0,16,0.06114451587200165,0.0593610517680645
1,0,17,0.06154976785182953,0.059522341936826706
1,0,18,0.060967281460762024,0.06178184598684311
1,0,19,0.06156070530414581,0.05944861099123955
1,0,20,0.06152265891432762,0.059443823993206024
1,0,21,0.059999123215675354,0.05985661596059799
1,0,22,0.06432019174098969,0.061775121837854385
1,0,23,0.05962485074996948,0.059477247297763824
1,1,1,0.9968103766441345,1.0661882162094116
1,1,2,0.14025089144706726,0.12451855838298798
1,1,3,0.14500294625759125,0.14117436110973358
1,1,4,0.11789131164550781,0.10672557353973389
1,1,5,0.10514266043901443,0.09387679398059845
1,1,6,0.09315648674964905,0.08115947246551514
1,1,7,0.08172210305929184,0.07120614498853683
1,1,8,0.06859883666038513,0.06559066474437714
1,1,9,0.06538663059473038,0.06479429453611374
1,1,10,0.0651206374168396,0.06167759746313095
1,1,11,0.06307215243577957,0.061790261417627335
1,1,12,0.06383904069662094,0.06358889490365982
1,1,13,0.06432054191827774,0.06451044231653214
1,1,14,0.062304768711328506,0.061922404915094376
1,1,15,0.061462610960006714,0.06104755774140358
1,1,16,0.061834950000047684,0.06194201111793518
1,1,17,0.061685238033533096,0.06129797175526619
1,1,18,0.060895659029483795,0.060338687151670456
1,1,19,0.06015690416097641,0.05937648564577103
1,1,20,0.061857376247644424,0.061683569103479385
1,1,21,0.06036636233329773,0.060169119387865067
1,1,22,0.06078149005770683,0.06107695773243904
1,1,23,0.06131703779101372,0.06168033927679062
1,1,24,0.06030777469277382,0.05897035449743271
1,1,25,0.06112747639417648,0.06048447638750076
1,1,26,0.06020794436335564,0.06026170030236244
1,1,27,0.061457592993974686,0.06212539225816727
1,1,28,0.06178741157054901,0.06147390604019165
1,1,29,0.06005372107028961,0.060539066791534424
1,1,30,0.060231227427721024,0.061109449714422226
1,1,31,0.05967699736356735,0.05989556387066841
1,1,32,0.05936891958117485,0.06050261855125427
1,1,33,0.06019207835197449,0.060533951967954636
1,1,34,0.06113854795694351,0.0611579529941082
1,2,1,0.9463618397712708,1.0197529792785645
1,2,2,0.17719976603984833,0.15467384457588196
1,2,3,0.13621148467063904,0.1266423761844635
1,2,4,0.11189176142215729,0.10401111096143723
1,2,5,0.1005888432264328,0.0912134051322937
1,2,6,0.07924465090036392,0.07514692842960358
1,2,7,0.0696728304028511,0.06861379742622375
1,2,8,0.06648533791303635,0.0632358193397522
1,2,9,0.06231892853975296,0.060558147728443146
1,2,10,0.06424266844987869,0.06320515275001526
1,2,11,0.061258409172296524,0.06077748164534569
1,2,12,0.06270521879196167,0.062290918081998825
1,2,13,0.06062374636530876,0.05924254283308983
1,2,14,0.06289226561784744,0.062420863658189774
1,2,15,0.06076638400554657,0.059410471469163895
1,2,16,0.06179729476571083,0.06154511496424675
1,2,17,0.06021089851856232,0.059818994253873825
1,2,18,0.06147368997335434,0.0613781213760376
1,2,19,0.05979115143418312,0.059489451348781586
1,2,20,0.05953609198331833,0.05906573683023453
1,2,21,0.06291241943836212,0.062146808952093124
1,2,22,0.06020302325487137,0.05973188206553459
1,2,23,0.05941217765212059,0.05935933068394661
1,2,24,0.06294482201337814,0.0626220852136612
1,2,25,0.05978812277317047,0.05991505831480026
1,2,26,0.05988311022520065,0.05949804186820984
1,2,27,0.0600358210504055,0.059155430644750595
1,2,28,0.060120705515146255,0.05947313830256462
1,2,29,0.058907218277454376,0.05884801968932152
1,2,30,0.060146432369947433,0.05967988446354866
1,2,31,0.05989779531955719,0.059914253652095795
1,2,32,0.059030450880527496,0.058804355561733246
1,2,33,0.06628724187612534,0.06476401537656784
1,2,34,0.06008605659008026,0.05931488424539566
1,2,35,0.06122659891843796,0.060013365000486374
1,2,36,0.058781012892723083,0.05957909673452377
1,2,37,0.06189442798495293,0.061352699995040894
1,2,38,0.06030740961432457,0.059675995260477066
1,2,39,0.058867208659648895,0.05882767215371132
1,2,40,0.06104528531432152,0.059890810400247574
1,2,41,0.0607566311955452,0.06055125966668129
1,2,42,0.06028192862868309,0.05955066159367561
2,0,1,0.8404719233512878,0.8351889252662659
2,0,2,0.20069429278373718,0.14319784939289093
2,0,3,0.123822420835495,0.11483147740364075
2,0,4,0.11186639964580536,0.10402695089578629
2,0,5,0.09860432147979736,0.09409093111753464
2,0,6,0.07663384079933167,0.08034731447696686
2,0,7,0.06535077095031738,0.0694117322564125
2,0,8,0.06313376128673553,0.0695723220705986
2,0,9,0.061504654586315155,0.06577799469232559
2,0,10,0.06459508091211319,0.06847202032804489
2,0,11,0.06121908500790596,0.06554673612117767
2,0,12,0.06051680073142052,0.06552629917860031
2,0,13,0.0619383342564106,0.06514090299606323
2,0,14,0.0626147910952568,0.06882070004940033
2,0,15,0.06047728285193443,0.06535562127828598
2,0,16,0.06106755509972572,0.06551379710435867
2,0,17,0.06029606983065605,0.06479936838150024
2,0,18,0.0597706139087677,0.0642419382929802
2,0,19,0.06148487329483032,0.06644242256879807
2,0,20,0.05962229147553444,0.06427749991416931
2,0,21,0.05970507115125656,0.06403306126594543
2,0,22,0.06104639917612076,0.06534788012504578
2,0,23,0.0600150041282177,0.06519810110330582
2,0,24,0.06219197437167168,0.06851060688495636
2,0,25,0.05947612598538399,0.06432321667671204
2,0,26,0.060000017285346985,0.06496088951826096
2,0,27,0.059203825891017914,0.0636754035949707
2,0,28,0.0591525174677372,0.06442400068044662
2,0,29,0.05957251042127609,0.06446380913257599
2,0,30,0.059180766344070435,0.06433067470788956
2,0,31,0.060989685356616974,0.06635253131389618
2,0,32,0.05892670154571533,0.06380913406610489
2,0,33,0.05970248579978943,0.06469864398241043
2,0,34,0.05916939675807953,0.06458046287298203
2,0,35,0.06002332270145416,0.06540385633707047
2,0,36,0.05909022316336632,0.06437608599662781
2,0,37,0.060051728039979935,0.06552225351333618
2,1,1,0.9525832533836365,1.051183819770813
2,1,2,0.24817565083503723,0.2828664183616638
2,1,3,0.12486089766025543,0.1180930957198143
2,1,4,0.11301333457231522,0.10412022471427917
2,1,5,0.09062746167182922,0.08973269909620285
2,1,6,0.07870344817638397,0.09158242493867874
2,1,7,0.06608303636312485,0.07134182751178741
2,1,8,0.0635528564453125,0.06933504343032837
2,1,9,0.06249985843896866,0.06821153312921524
2,1,10,0.06138957664370537,0.06651543080806732
2,1,11,0.062060821801424026,0.0680534690618515
2,1,12,0.0612022839486599,0.06635496765375137
2,1,13,0.060910385102033615,0.06601923704147339
2,1,14,0.060655638575553894,0.06565918028354645
2,1,15,0.06032208353281021,0.06540466099977493
2,1,16,0.06050727143883705,0.06537957489490509
2,1,17,0.0601290762424469,0.06490446627140045
2,1,18,0.06014830991625786,0.06566567718982697
2,1,19,0.05975303053855896,0.0646522119641304
2,1,20,0.0598679780960083,0.06514990329742432
2,1,21,0.06008044257760048,0.06484086066484451
2,1,22,0.0597413070499897,0.06440834701061249
2,1,23,0.059916168451309204,0.06461723148822784
2,1,24,0.06523627787828445,0.07033480703830719
2,1,25,0.061010681092739105,0.0662909597158432
2,1,26,0.06589110195636749,0.07053633034229279
2,1,27,0.061806920915842056,0.06806618720293045
2,1,28,0.0595613494515419,0.06443512439727783
2,1,29,0.060251738876104355,0.06535238027572632
2,1,30,0.0605672188103199,0.065717414021492
2,1,31,0.060831218957901,0.06583147495985031
2,1,32,0.06289944052696228,0.06828566640615463
2,2,1,0.9022692441940308,0.9600026607513428
2,2,2,0.1659412384033203,0.1648033708333969
2,2,3,0.11854934692382812,0.1108013391494751
2,2,4,0.09907025843858719,0.09875140339136124
2,2,5,0.08764978498220444,0.08998522162437439
2,2,6,0.06863996386528015,0.0736742615699768
2,2,7,0.06357639282941818,0.06819898635149002
2,2,8,0.0626041442155838,0.06698479503393173
2,2,9,0.06159678101539612,0.06623291969299316
2,2,10,0.061217036098241806,0.06569436937570572
2,2,11,0.061401695013046265,0.06597582995891571
2,2,12,0.06111416593194008,0.06552766263484955
2,2,13,0.06158526614308357,0.06620567291975021
2,2,14,0.06172577291727066,0.06778401881456375
2,2,15,0.060210585594177246,0.06447461992502213
2,2,16,0.06096113100647926,0.06818071752786636
2,2,17,0.06026295945048332,0.0650850161910057
2,2,18,0.06030469760298729,0.06474027037620544
2,2,19,0.06109575927257538,0.06597639620304108
2,2,20,0.06325370073318481,0.06874950230121613
2,2,21,0.060431431978940964,0.0672169178724289
2,2,22,0.0596340075135231,0.06542614847421646
2,2,23,0.06006547436118126,0.06521405279636383
2,2,24,0.06026611477136612,0.06494539976119995
2,2,25,0.060584139078855515,0.06516117602586746
3,0,1,0.6173220276832581,0.49978014826774597
3,0,2,0.13034476339817047,0.14393652975559235
3,0,3,0.11775140464305878,0.11437387019395828
3,0,4,0.11249983310699463,0.12581385672092438
3,0,5,0.09898433089256287,0.07991292327642441
3,0,6,0.06972026079893112,0.06824900954961777
3,0,7,0.06624782085418701,0.06631939113140106
3,0,8,0.06391464173793793,0.054193440824747086
3,0,9,0.06375407427549362,0.055213719606399536
3,0,10,0.06145894527435303,0.05310538038611412
3,0,11,0.06259755790233612,0.0531875342130661
3,0,12,0.06395743042230606,0.053061190992593765
3,0,13,0.06308014690876007,0.05374203249812126
3,0,14,0.0632900521159172,0.05305857956409454
3,0,15,0.06123843416571617,0.05455293133854866
3,0,16,0.061611492186784744,0.05465611070394516
3,0,17,0.0635017678141594,0.05390521138906479
3,0,18,0.06251826882362366,0.05493796616792679
3,0,19,0.06046139448881149,0.05358482524752617
3,0,20,0.060291092842817307,0.053590208292007446
3,0,21,0.06428838521242142,0.0537235252559185
3,0,22,0.059865016490221024,0.052324261516332626
3,0,23,0.06183747574687004,0.05496910214424133
3,0,24,0.061503659933805466,0.0516311377286911
3,0,25,0.06017950922250748,0.05115810036659241
3,0,26,0.061488598585128784,0.051508914679288864
3,0,27,0.05947955325245857,0.05177769809961319
3,0,28,0.05940588191151619,0.05134250596165657
3,0,29,0.06414628028869629,0.05594480782747269
3,0,30,0.06159195303916931,0.0536942221224308
3,0,31,0.059482306241989136,0.051721349358558655
3,0,32,0.06044771522283554,0.0534706749022007
3,0,33,0.06421498954296112,0.05775374546647072
3,0,34,0.05918144807219505,0.05155065283179283
3,0,35,0.06008974090218544,0.051569778472185135
3,1,1,0.8316006660461426,0.6130725741386414
3,1,2,0.17748267948627472,0.14763176441192627
3,1,3,0.13135339319705963,0.11925895512104034
3,1,4,0.10576596111059189,0.11706861853599548
3,1,5,0.08667349070310593,0.09850233793258667
3,1,6,0.07186421751976013,0.07277186959981918
3,1,7,0.06497547775506973,0.06258994340896606
3,1,8,0.0656621977686882,0.059398576617240906
3,1,9,0.06291725486516953,0.05899488180875778
3,1,10,0.0621933750808239,0.057988833636045456
3,1,11,0.06231120601296425,0.056549906730651855
3,1,12,0.06333199888467789,0.05544956028461456
3,1,13,0.06257186830043793,0.0585695244371891
3,1,14,0.06179694086313248,0.057647835463285446
3,1,15,0.06135120242834091,0.060772188007831573
3,1,16,0.062088631093502045,0.06340342015028
3,1,17,0.06073248013854027,0.05738538131117821
3,1,18,0.06084786728024483,0.058424096554517746
3,1,19,0.06160321086645126,0.06266935169696808
3,1,20,0.06181719899177551,0.06370475143194199
3,1,21,0.06316996365785599,0.05924468860030174
3,1,22,0.06031252071261406,0.0555422306060791
3,2,1,0.6238163709640503,0.5231144428253174
3,2,2,0.14297619462013245,0.14769253134727478
3,2,3,0.10916858911514282,0.11443040519952774
3,2,4,0.08495976775884628,0.08169017732143402
3,2,5,0.06804081797599792,0.05739549547433853
3,2,6,0.06405749171972275,0.05547091364860535
3,2,7,0.06262852251529694,0.053042568266391754
3,2,8,0.06272169947624207,0.05609525367617607
3,2,9,0.062230341136455536,0.05366387590765953
3,2,10,0.06271243840456009,0.05221777781844139
3,2,11,0.062311556190252304,0.055468156933784485
3,2,12,0.06261995434761047,0.05544085428118706
3,2,13,0.0640135109424591,0.052594974637031555
3,2,14,0.0607210248708725,0.05329051613807678
3,2,15,0.06276878714561462,0.05828004702925682
3,2,16,0.0617608018219471,0.05631569027900696
3,2,17,0.06932435929775238,0.05761539191007614
3,2,18,0.06228071451187134,0.05369804427027702
3,2,19,0.06231044605374336,0.0524170882999897
3,2,20,0.06121441349387169,0.05289999395608902
4,0,1,0.48934248089790344,0.6049269437789917
4,0,2,0.1347823590040207,0.15930478274822235
4,0,3,0.11390325427055359,0.1298312097787857
4,0,4,0.10220590233802795,0.11782762408256531
4,0,5,0.08469107002019882,0.09048935770988464
4,0,6,0.06462044268846512,0.06737720966339111
4,0,7,0.061071544885635376,0.06494712829589844
4,0,8,0.06030183658003807,0.06523308157920837
4,0,9,0.0638417974114418,0.06557153165340424
4,0,10,0.06217920035123825,0.06515676528215408
4,0,11,0.062162499874830246,0.06682854145765305
4,0,12,0.060010917484760284,0.06487351655960083
4,0,13,0.05984179303050041,0.06324239820241928
4,0,14,0.059494808316230774,0.06282591074705124
4,0,15,0.06264780461788177,0.06416246294975281
4,0,16,0.06636577844619751,0.06607402861118317
4,0,17,0.06333345919847488,0.06314869225025177
4,0,18,0.059903647750616074,0.0655265748500824
4,0,19,0.05983217433094978,0.06497932225465775
4,0,20,0.059439823031425476,0.06416740268468857
4,0,21,0.05911378562450409,0.06190429627895355
4,0,22,0.06023120507597923,0.06251317262649536
4,0,23,0.05958511307835579,0.062242016196250916
4,0,24,0.05887644365429878,0.06171504408121109
4,0,25,0.05955851823091507,0.0639018639922142
4,0,26,0.059411752969026566,0.06184720620512962
4,0,27,0.06070741266012192,0.06251417845487595
4,0,28,0.05908701568841934,0.06297477334737778
4,0,29,0.06469913572072983,0.06719992309808731
4,0,30,0.05897482484579086,0.06149802356958389
4,0,31,0.059040866792201996,0.06181633844971657
4,0,32,0.05981966108083725,0.06193280220031738
4,0,33,0.06225802004337311,0.06319241970777512
4,0,34,0.059298668056726456,0.06199168786406517
4,0,35,0.058565154671669006,0.061204515397548676
4,0,36,0.05795934423804283,0.061135802417993546
4,0,37,0.061342060565948486,0.0632280707359314
4,0,38,0.05798078700900078,0.061126112937927246
4,0,39,0.06167079135775566,0.0635877326130867
4,0,40,0.059582240879535675,0.061405494809150696
4,0,41,0.058028969913721085,0.06062857061624527
4,0,42,0.06269411742687225,0.06375245004892349
4,0,43,0.0595359168946743,0.06623946130275726
4,0,44,0.06298492103815079,0.06487640738487244
4,0,45,0.05797981098294258,0.0602344274520874
4,0,46,0.05820460245013237,0.06098891422152519
4,0,47,0.057759080082178116,0.060212112963199615
4,0,48,0.057154521346092224,0.060479436069726944
4,0,49,0.05936510115861893,0.06131875142455101
4,0,50,0.05709526315331459,0.06133681908249855
4,0,51,0.05951667204499245,0.061983607709407806
4,0,52,0.057206690311431885,0.06038466468453407
4,0,53,0.06229282170534134,0.06404691189527512
4,0,54,0.06014580652117729,0.06220297887921333
4,0,55,0.057713255286216736,0.060147229582071304
4,0,56,0.06147385388612747,0.06337246298789978
4,0,57,0.05835781618952751,0.063373863697052
4,0,58,0.05909295380115509,0.060917556285858154
4,0,59,0.05999426916241646,0.061698198318481445
4,0,60,0.058098871260881424,0.062255583703517914
4,0,61,0.06941643357276917,0.07055819779634476
4,0,62,0.058960188180208206,0.061949968338012695
4,0,63,0.06364241242408752,0.06743870675563812
4,0,64,0.061016373336315155,0.06427264958620071
4,0,65,0.058449435979127884,0.061397138983011246
4,1,1,0.5596085786819458,0.6837186217308044
4,1,2,0.1328275352716446,0.1674765646457672
4,1,3,0.10740445554256439,0.1380399614572525
4,1,4,0.09063973277807236,0.1106625497341156
4,1,5,0.07613462209701538,0.09765906631946564
4,1,6,0.06985892355442047,0.07204095274209976
4,1,7,0.06537148356437683,0.08100145310163498
4,1,8,0.06438452005386353,0.06649094074964523
4,1,9,0.061297886073589325,0.06950380653142929
4,1,10,0.062043510377407074,0.0657687708735466
4,1,11,0.06079133227467537,0.06573305279016495
4,1,12,0.06050503998994827,0.06996368616819382
4,1,13,0.06044592708349228,0.07018142193555832
4,1,14,0.06002522632479668,0.06520142406225204
4,1,15,0.0595538429915905,0.06564310193061829
4,1,16,0.059920549392700195,0.0652327910065651
4,1,17,0.059591975063085556,0.06777899712324142
4,1,18,0.061199724674224854,0.06750313192605972
4,1,19,0.061776675283908844,0.06479497253894806
4,1,20,0.06074913218617439,0.07010050117969513
4,1,21,0.06012921407818794,0.0661657527089119
4,1,22,0.061301879584789276,0.06505479663610458
4,1,23,0.05916742980480194,0.06283771246671677
4,1,24,0.06722582876682281,0.07185550034046173
4,1,25,0.05933919548988342,0.06248471885919571
4,1,26,0.05921024829149246,0.0619499571621418
4,1,27,0.059621661901474,0.062376607209444046
4,1,28,0.06688132882118225,0.06784521043300629
4,1,29,0.06011258438229561,0.06263994425535202
4,1,30,0.058602649718523026,0.06348679959774017
4,1,31,0.060853417962789536,0.06451894342899323
4,1,32,0.05990034341812134,0.06403480470180511
4,1,33,0.06185632571578026,0.06576690077781677
4,1,34,0.06145870313048363,0.06511428952217102
4,1,35,0.05924694985151291,0.0635068267583847
4,1,36,0.06293461471796036,0.06553615629673004
4,2,1,0.3253494203090668,0.40625953674316406
4,2,2,0.12570123374462128,0.1538710743188858
4,2,3,0.11247824132442474,0.10994832962751389
4,2,4,0.07892264425754547,0.08546265214681625
4,2,5,0.06529305130243301,0.07067153602838516
4,2,6,0.06233448535203934,0.06761510670185089
4,2,7,0.061170101165771484,0.06379926949739456
4,2,8,0.06526968628168106,0.06821756064891815
4,2,9,0.06202000379562378,0.06469747424125671
4,2,10,0.061970099806785583,0.06462975591421127
4,2,11,0.0604964904487133,0.0642675831913948
4,2,12,0.06019607558846474,0.06303854286670685
4,2,13,0.062161047011613846,0.06426568329334259
4,2,14,0.06250922381877899,0.06757766008377075
4,2,15,0.06530330330133438,0.06874516606330872
4,2,16,0.05970589816570282,0.06275911629199982
4,2,17,0.06344044953584671,0.06528036296367645
4,2,18,0.062294624745845795,0.06881862133741379
4,2,19,0.06062772870063782,0.06333610415458679
4,2,20,0.05916457995772362,0.06255817413330078
4,2,21,0.05989430844783783,0.06447040289640427
4,2,22,0.06380829215049744,0.06538396328687668
4,2,23,0.06096837297081947,0.06902836263179779
4,2,24,0.06247996538877487,0.06410818547010422
4,2,25,0.062391940504312515,0.07075171917676926
4,2,26,0.05969376489520073,0.06249270588159561
4,2,27,0.06328586488962173,0.0650392696261406
4,2,28,0.06227869167923927,0.0636950209736824
4,2,29,0.060385070741176605,0.06265311688184738
4,2,30,0.05815885215997696,0.06246945634484291
4,2,31,0.060020528733730316,0.062464263290166855
4,2,32,0.05961395055055618,0.0624164342880249
4,2,33,0.060843102633953094,0.06318832188844681
4,2,34,0.05794701725244522,0.06342630833387375
4,2,35,0.06661342084407806,0.0663348063826561
4,2,36,0.06146414950489998,0.06393912434577942
4,2,37,0.05852053314447403,0.06138947233557701
4,2,38,0.05771861970424652,0.06206392124295235
4,2,39,0.06331399083137512,0.06411358714103699
4,2,40,0.06253194063901901,0.07181001454591751
4,2,41,0.061346445232629776,0.0634060949087143
4,2,42,0.06283529102802277,0.06512167304754257
4,2,43,0.05951019376516342,0.061997756361961365
4,2,44,0.0581958070397377,0.06102607026696205
4,2,45,0.05876067280769348,0.0609588585793972
4,2,46,0.06413011997938156,0.06705569475889206
4,2,47,0.06013551354408264,0.06213465705513954
4,2,48,0.05913533270359039,0.061433326452970505
4,2,49,0.057474635541439056,0.06113184988498688
4,2,50,0.05756307765841484,0.060309723019599915
4,2,51,0.061743807047605515,0.06404075026512146
4,2,52,0.061544228345155716,0.06470686942338943
4,2,53,0.058152489364147186,0.061141565442085266
4,2,54,0.0587552972137928,0.060887910425662994
4,2,55,0.05800194665789604,0.060866475105285645
4,2,56,0.06309027224779129,0.0651189535856247
4,2,57,0.060104116797447205,0.06208771467208862
4,2,58,0.0564425028860569,0.06114671006798744
4,2,59,0.06653837859630585,0.06840275973081589
4,2,60,0.05987315997481346,0.061617303639650345
