fomc_date,naive_month,naive_val_1yr,naive_val_5yr,naive_val_10yr,corrected_month,corrected_publish_date,corrected_val_1yr,corrected_val_5yr,corrected_val_10yr,changed
2023-02-01,2023-02,0.0261,0.0214,0.0211,2023-01,2023-01-12,0.0268,0.0231,0.0229,True
2023-03-22,2023-03,0.0207,0.0223,0.0226,2023-03,2023-03-14,0.0207,0.0223,0.0226,False
2023-05-03,2023-05,0.0265,0.0219,0.0216,2023-04,2023-04-12,0.0265,0.0214,0.021,True
2023-06-14,2023-06,0.0137,0.0167,0.0175,2023-06,2023-06-13,0.0137,0.0167,0.0175,False
2023-07-26,2023-07,0.0247,0.0209,0.0206,2023-07,2023-07-12,0.0247,0.0209,0.0206,False
2023-09-20,2023-09,0.0281,0.0228,0.0222,2023-09,2023-09-13,0.0281,0.0228,0.0222,False
2023-11-01,2023-11,0.0279,0.0244,0.0238,2023-10,2023-10-12,0.0277,0.0241,0.0236,True
2023-12-13,2023-12,0.0309,0.0236,0.0228,2023-12,2023-12-12,0.0309,0.0236,0.0228,False
2024-01-31,2024-01,0.0242,0.0218,0.0216,2024-01,2024-01-11,0.0242,0.0218,0.0216,False
2024-03-20,2024-03,0.0208,0.022,0.0222,2024-03,2024-03-12,0.0208,0.022,0.0222,False
2024-05-01,2024-05,0.0294,0.0251,0.0245,2024-04,2024-04-10,0.027,0.0238,0.0234,True
2024-06-12,2024-06,0.0273,0.0241,0.0237,2024-06,2024-06-12,0.0273,0.0241,0.0237,False
2024-07-31,2024-07,0.0256,0.0239,0.0237,2024-07,2024-07-11,0.0256,0.0239,0.0237,False
2024-09-18,2024-09,0.0224,0.0212,0.0212,2024-09,2024-09-11,0.0224,0.0212,0.0212,False
2024-11-07,2024-11,0.0243,0.0233,0.0233,2024-10,2024-10-10,0.0226,0.0211,0.0212,True
2024-12-18,2024-12,0.0265,0.0235,0.0232,2024-12,2024-12-11,0.0265,0.0235,0.0232,False
2025-01-29,2025-01,0.0263,0.0246,0.0244,2025-01,2025-01-15,0.0263,0.0246,0.0244,False
2025-03-19,2025-03,0.0218,0.0227,0.023,2025-03,2025-03-12,0.0218,0.0227,0.023,False
2025-05-07,2025-05,0.0269,0.0234,0.0231,2025-04,2025-04-10,0.0289,0.024,0.0235,True
2025-06-18,2025-06,0.0238,0.0234,0.0235,2025-06,2025-06-11,0.0238,0.0234,0.0235,False
2025-07-30,2025-07,0.0279,0.0237,0.0234,2025-07,2025-07-15,0.0279,0.0237,0.0234,False
2025-09-17,2025-09,0.028,0.0234,0.023,2025-09,2025-09-11,0.028,0.0234,0.023,False
2025-10-29,2025-10,0.0273,0.0232,0.023,2025-10,2025-10-24,0.0273,0.0232,0.023,False
2025-12-10,2025-12,0.0319,0.0242,0.0235,2025-10,2025-10-24,0.0273,0.0232,0.023,True
2026-01-28,2026-01,0.0259,0.0234,0.0233,2026-01,2026-01-13,0.0259,0.0234,0.0233,False
2026-03-18,2026-03,0.023,0.0218,0.0219,2026-03,2026-03-11,0.023,0.0218,0.0219,False
2026-04-29,2026-04,0.0328,0.025,0.0242,2026-04,2026-04-10,0.0328,0.025,0.0242,False
2026-06-17,2026-06,0.0304,0.0253,0.0247,2026-06,2026-06-10,0.0304,0.0253,0.0247,False
2026-07-29,2026-07,0.0239,0.0243,0.0244,2026-07,2026-07-14,0.0239,0.0243,0.0244,False
2026-09-16,2026-09,0.0264,0.0258,0.0257,2026-09,2026-09-11,0.0264,0.0258,0.0257,False
